University,Group name,Status,Group type (search/filter by),Link,Link 2,Link 3
,SoCal SJP,Active,SJP,https://www.instagram.com/socalsjp/,,
Adler University,SJP,Inactive,SJP,https://www.facebook.com/SJPatAdler/,,
American University,SJP,Active,SJP,https://www.instagram.com/au_sjp/,,
American University,JVP,Inactive,JVP,https://www.facebook.com/JewishVoiceforPeaceatAU/,,
American University,AU Dissenters,Active,Other,https://www.instagram.com/audissenters/,,
American University,Law Students SJP,Active,SJP,https://www.instagram.com/au_lsjp/,,
American University,JVP,Active,JVP,https://www.instagram.com/jvpamericanu/,,
American University,Students for Change (SFC),Active,Other,https://www.instagram.com/americanu_sfc/,,
Amherst College,Amherst 4 Palestine,Active,SJP,https://www.instagram.com/amherstforpalestine/,,
Antioch University Seattle,SJP,Inactive,SJP,https://www.facebook.com/SJPAntioch/,,
Arizona State University,SJP,Active,SJP,https://twitter.com/sjpasu,https://www.facebook.com/sjpalestine,https://www.instagram.com/sjpasu/
Arizona State University,Students for Socialism - ASU,Inactive,Other,https://www.facebook.com/SocialismASU/,https://www.instagram.com/sfsasu/,
Arizona State University,Young Democratic Socialists of America - ASU,Active,Other,https://twitter.com/ydsa_asu,https://www.facebook.com/YDSA.ASU/,https://www.instagram.com/ydsa_asu/
Arizona State University,Arizona Palestine Solidarity Alliance,Active,Other,https://www.facebook.com/ArizonaPalestine/,,
Arizona State University,Palestine Cultural Club at ASU,Active,Other,https://www.instagram.com/pcc.asu/,,
Arizona State University,ASU Rainbow Coalition,Active,Other,https://www.instagram.com/asurainbowco/,,
Arizona State University,Students Against Apartheid at ASU (SAGA),Active,SJP,https://www.instagram.com/saga.asu/,,
Atlanta University Center Consortium,SJP,Active,SJP,https://www.facebook.com/AUC4Palestine/,https://www.instagram.com/auc4palestine/,https://twitter.com/auc4palestine
Augustana College,SJP,Inactive,SJP,https://www.augustana.edu/about-us/events/2017/students-justice-palestine-first-meeting,,
Bard College,SJP,Active,SJP,https://www.instagram.com/bard_sjp/,https://www.facebook.com/bardstudentsforjusticeinpalestine/,
Bard College,Bard Divest,Inactive,Divest,https://www.facebook.com/barddivest2015,,
Bard College,Bard College Students Without Borders,Inactive,Other,https://www.facebook.com/Bard-College-Students-Without-Borders-354818524708100/,,
Bates College,Bates Leftist Coalition,Active,Other,https://www.instagram.com/bates_blc/,,
Bates College,Bates Students for Peace & Justice in Palestine,Inactive,Other,https://www.facebook.com/Bates-Students-for-Peace-Justice-in-Palestine-1556519041294316/,,
Baylor University,SJP,Inactive,SJP,https://www.facebook.com/groups/102978709743265/about/,,
Benedictine University,SJP,Active,SJP,https://www.instagram.com/benusjp2/,https://www.facebook.com/profile.php?id=100006215025850,
Boston College,SJP,Inactive,SJP,https://www.instagram.com/bostoncollegesjp/,,
Boston University,SJP,Active,SJP,https://www.instagram.com/bu_sjp/,https://www.facebook.com/BostonUSJP/,
Boston University,Seminarians for Solidarity with Palestine - BU School of Theology,Inactive,Other,https://www.facebook.com/Seminarians-for-Solidarity-with-Palestine-BU-School-of-Theology-111531603706976/,,
Boston University,Students for Reproductive Freedom,Active,Other,https://www.instagram.com/bostonusrf/,,
Bowdoin College,SJP,Active,SJP,https://www.instagram.com/bowdoinsjp/,,
Brandeis University,SJP,Active,SJP,https://www.instagram.com/brandeis_sjp/,https://www.facebook.com/BrandeisSJP/,
Brandeis University,JVP,Inactive,JVP,https://www.facebook.com/JVPBrandeis/,,
Brandeis University,If Not Now,Inactive,Other,https://www.facebook.com/IfNotNow-Brandeis-2200527643514988/,https://www.instagram.com/ifnotnowbrandeis/,
Brandeis University,Brandeis Leftist Union,Active,Other,https://www.instagram.com/brandeisleftistunion/,,
Brown University,SJP,Active,SJP,https://www.instagram.com/brown.sjp/,,
Brown University,Brown Divest,Inactive,Divest,https://www.facebook.com/brownuniversitydivest/,,
Brown University,Brown Jewish Voice for Peace,Inactive,JVP,https://www.facebook.com/BrownJVP/,,
Brown University,Palestine Solidarity Caucus,Active,Other,https://www.instagram.com/brown.psc/,https://www.facebook.com/OnPalestine1,
Brown University,Graduate Labor Organization,Active,Other,https://www.instagram.com/gradlabororg/,https://www.facebook.com/GradLaborOrg/,
Brown University,Brown Jews for Ceasefire Now,Active,JVP,https://www.instagram.com/jewsforceasefirenow/,,
Brown University,Brown Alumni for Palestine,Active,Other,https://www.instagram.com/brownualumni4palestine/,,
Bryn Mawr College,Bi-Co Students for Justice in Palestine,Active,SJP,https://www.instagram.com/sjpbico/,https://www.facebook.com/bicosjp/,
Bryn Mawr College,Bi-Co JVP,Active,JVP,https://www.instagram.com/bicojvp/,,
Butler University,SJP,Active,SJP,https://www.facebook.com/sjpbutler/,,
Butler University,Diversity Program Council,Active,Other,https://www.instagram.com/butler_dpc/,,
CSU Chico,Palestine Solidarity Committee,Inactive,SJP,http://www.csuchico.edu/diversity/resource-guide/asian/clubs-organizations.shtml,,
CSU Chico,Students for Quality Education,Active,Other,https://www.instagram.com/chicostate.sqe/,https://www.facebook.com/chicosqe/,
CSU East Bay,Hayward SJP,Active,SJP,https://www.instagram.com/haywardsjp/,,
CSU Fullerton,SJP,Active,SJP,https://www.instagram.com/sjpcsuf/,,
CSU Long Beach,SJP,Active,SJP,https://www.instagram.com/sjpatcsulb/,,
CSU Long Beach,CSULB Divest,Inactive,Divest,https://www.facebook.com/CSULBDivest/,,
CSU Long Beach,MSA CSULB,Active,Other,https://www.facebook.com/MsaCsulb/,,
CSU Los Angeles,SJP,Active,SJP,https://www.instagram.com/sjpatcsula/,,
CSU Monterey Bay,Monterey Palestine Solidarity (Off-Campus Group),Active,Other,https://www.instagram.com/monterey_palestine_solidarity/,,
CSU Northridge,SJP,Active,SJP,https://www.instagram.com/sjpatcsun/,https://www.facebook.com/csunsjp/,
CSU Sacramento,SJP,Active,SJP,https://www.instagram.com/sjp.csus/,,
CSU San Bernadino,SJP,Active,SJP,https://www.instagram.com/sjp_csusb/,,
CSU San Marcos,SJP,Inactive,SJP,https://www.facebook.com/Students-for-Justice-in-Palestine-CSUSM-137598286332646/,,
CUNY Brooklyn College,SJP,Active,SJP,https://www.facebook.com/BrooklynSJP,https://www.instagram.com/bc_sjp/,
CUNY Brooklyn College,BC Socialists - ISO,Active,Other,https://www.facebook.com/BrooklynCollegeSocialists/,https://www.instagram.com/bcsocialists/,
CUNY City College,SJP,Active,SJP,https://www.facebook.com/citycollegesjp,,
CUNY City College,Undergraduate Student Government,Active,Other,https://www.instagram.com/usgccny/,,
CUNY College of Staten Island,SJP,Active,SJP,https://www.instagram.com/sjp_csi/,,
CUNY Hunter College,SJP,Inactive,SJP,https://www.facebook.com/huntersjp,https://www.instagram.com/sjp_hunter/,
CUNY Hunter College,Palestine Solidarity Alliance at Hunter,Active,SJP,https://www.instagram.com/psahuntercollege/,,
CUNY Hunter College,Macaulay Peace Action,Active,Other,https://www.instagram.com/mhcpeaceaction/,,
CUNY Hunter College,Silberman Social Workers for Palestine,Active,SJP,https://www.instagram.com/ssw4palestine,,
CUNY John Jay College,SJP,Active,SJP,https://www.instagram.com/johnjaysjp/,https://www.facebook.com/JohnJaySJP/,
CUNY Lehman College,SJP,Active,SJP,https://www.instagram.com/sjplehman/,,
CUNY Queens College,SJP,Active,SJP,https://www.instagram.com/qcsjp/,,
CUNY Queens College,MSA,Active,Other,https://www.instagram.com/qcmsa/,,
CUNY School of Law,Law SJP,Active,SJP,https://www.instagram.com/cunylawsjp/,https://www.facebook.com/CUNYLawSJP,
CUNY School of Law,CUNY Jewish Law Students Association (Anti-Zionist Group),Active,Other,https://twitter.com/cunyjlsa,https://www.instagram.com/cunyjlsa/,
CUNY System,Apartheid Divest CUNY,Inactive,Divest,https://www.facebook.com/ApartheidDivestCUNY/,,
CUNY System,CUNY for Palestine,Active,Other,https://www.facebook.com/CUNYforPalestine/,https://mobile.twitter.com/cuny4p,
CUNY System,Not In Our Name CUNY,Active,Faculty,https://twitter.com/NIONCUNY,,
CUNY System,CUNY Jewish Antizionists For Palestine,Inactive,JVP,https://www.instagram.com/cuny_nion/,,
CUNY System,Free CUNY!,Active,Other,https://www.instagram.com/freecuny/,,
CUNY System,People's CUNY,Active,Other,https://www.instagram.com/peoplescuny/,,
Cal Poly Pomona,SJP,Active,SJP,https://www.instagram.com/sjpcpp/,,
"California Polytechnic State University, SLO",Students for Justice and Peace in the Middle East,Inactive,SJP,https://www.facebook.com/groups/2313404010/about/,,
"California Polytechnic State University, SLO",Cal Tech SJP,Active,SJP,https://www.instagram.com/caltechsjp/,,
Calvin College,Calvin Middle East Club,Inactive,Other,https://www.facebook.com/CalvinMiddleEastClub/,,
Carleton College,SJP,Active,SJP,https://www.instagram.com/sjpcarletoncollege/,,
Case Western Reserve University,SJP,Active,SJP,https://www.instagram.com/cwru_sjp/,,
Central Connecticut State University,SJP,Active,SJP,https://www.instagram.com/ccsusjp/,,
Champlain College,Champlain for Palestine,Active,SJP,https://www.instagram.com/champlainforpalestine/,,
Champlain College,SJP,Active,SJP,https://www.instagram.com/champlain.sjp/,,
Chapman University,SJP,Inactive,SJP,https://www.instagram.com/sjpchapman/,,
Claremont Colleges - System,SJP,Active,SJP,https://www.facebook.com/claremontsjp/,https://www.instagram.com/claremontsjp/,
Claremont Colleges - System,JVP,Active,JVP,https://www.facebook.com/ClaremontJVP/,https://claremont.campuslabs.com/engage/organization/jewishvoiceforpeace,https://claremont.campuslabs.com/engage/organization/jewishvoiceforpeace
Clark University,SJP,Inactive,SJP,https://www.facebook.com/clarkusjp/,,
Clark University,MENASA (Middle East and North African Students Association) ,Active,Other,https://www.instagram.com/clarku_menasa/,,
Cleveland State University,SJP,Active,SJP,https://www.facebook.com/profile.php?id=100069340876721,https://www.instagram.com/csusjp/,
Cleveland State University,Solidarity for Palestinian Human Rights,Inactive,SJP,https://www.instagram.com/clestatesphr/,,
Colgate University,SJP,Active,SJP,https://www.instagram.com/sjp.colgate/,,
College of DuPage,SJP,Active,SJP,https://www.instagram.com/sjpcod/,,
College of New Jersey,SJP,Active,SJP,https://www.instagram.com/sjptcnj/,,
College of William and Mary,SJP,Active,SJP,https://www.facebook.com/sjpwm/,https://www.instagram.com/sjpatwm/,
Colorado College,SJP,Active,SJP,https://www.instagram.com/cc_sjp/,,
Colorado State University,Colostate SJP,Active,SJP,https://www.instagram.com/sjpcolostate/,,
Columbia College Chicago,SJP,Active,SJP,https://www.instagram.com/sjpccc/,,
Columbia University/Barnard College,SJP,Active,SJP,https://www.facebook.com/ColumbiaSJP,,
Columbia University/Barnard College,Columbia/Barnard JVP,Active,JVP,https://www.instagram.com/jvp.columbia/,https://www.facebook.com/JVPColumbia/,
Columbia University/Barnard College,Columbia University Apartheid Divest,Active,Divest,https://www.facebook.com/CUapartheiddivest/,https://www.instagram.com/cuapartheiddivest/,
Columbia University/Barnard College,Columbia Law Students for Palestine,Active,SJP,https://www.instagram.com/clsforpalestine/,,
Columbia University/Barnard College,The Palestine Working Group (PWG) | PalTrek at Columbia University,Active,Other,https://www.instagram.com/pwgatsipa/,,
Columbia University/Barnard College,SIPA Palestine Working Group (PWG) ,Inactive,Other,https://www.instagram.com/sipapwg/,,
Columbia University/Barnard College,LionLez,Active,Other,https://www.instagram.com/lionlez/,,
Columbia University/Barnard College,DAR Palestine at Columbia University,Active,SJP,https://www.instagram.com/cu_dar/,,
Columbia University/Barnard College,Center for Palestine Studies,Active,Department,https://www.instagram.com/centerforpalestinestudies/,,
Columbia University/Barnard College,Columbia Law Coalition for a Free Palestine,Active,SJP,https://www.instagram.com/clsforfreepalestine/,,
Columbia University/Barnard College,Columbia Social Workers for Palestine,Active,SJP,https://www.instagram.com/cssw4palestine/,,
Columbia University/Barnard College,Sunrise Columbia,Active,SJP,https://www.instagram.com/sunrisecolumbia/,,
Columbia University/Barnard College,Jews for Ceasefire (Mentions Genocide in organizing statement),Active,"JVP, Other",https://www.instagram.com/cujews4ceasefire/,,
Columbia University/Barnard College,Columbia University Alumni Action For Palestine,Active,Other,https://www.instagram.com/cualumni4palestine/,,
Columbia University/Barnard College,SIPA Divest,Active,Divest,https://www.instagram.com/sipadivest/,,
Community College of Philadelphia,SJP,Inactive,SJP,https://www.facebook.com/ccpsjp/,,
Community College of Philadelphia,SJP Philly,Inactive,SJP,https://www.facebook.com/Students-for-Justice-in-Palestine-Philly-133462560157333/,,
Community College of Philadelphia,Philly BDS,Active,Other,https://www.facebook.com/philly.bds/,https://www.instagram.com/phillybds/,
Connecticut College,SJP,Inactive,SJP,none,,
Connecticut College,Conn Students in Solidarity with Palestine (CSSP),Inactive,SJP,none,,
Cornell University,SJP,Active,SJP,https://www.instagram.com/cornell.sjp/,https://www.facebook.com/CornellS4JP,https://cornell.campusgroups.com/jvpcornell/home/
Cornell University,Cornell Collective for Justice in Palestine,Inactive,SJP,https://www.facebook.com/Cornell-Collective-for-Justice-in-Palestine-CCJP-288986254970005/,,
Cornell University,Islamic Alliance for Justice,Inactive,Other,https://www.facebook.com/IslamicAllianceForJustice/,,
Cornell University,JVP,Inactive,JVP,https://www.facebook.com/cornell.jvp/,,
Cornell University,Cornell Progressives,Active,Other,https://www.instagram.com/cuprogressives/,,
Cornell University,Arab Student Association,Active,Other,https://www.instagram.com/cornell.asa/,,
Cornell University,Cornell’s Coalition for Mutual Liberation,Active,Other,https://www.instagram.com/cmlcornell/,,
Cornell University,Cornell Alumni for Palestine,Active,Other,https://www.instagram.com/cornellalumni4palestine/,,
Dartmouth College,SJP,Inactive,SJP,none,,
Dartmouth College,Dartmouth Palestine Solidarity Committee,Active,Other,https://www.instagram.com/dartmouth_psc/,https://www.facebook.com/Dartmouth-Palestine-Solidarity-Coalition-100918825519996,
Davidson College,Davidson Students in Solidarity for Palestine,Inactive,Other,http://www.davidsonian.com/students-debate-the-ethics-of-sabra-hummus/,,
DePaul University,SJP,Active,SJP,https://www.instagram.com/sjpdepaul/,,
DePaul University,DePaul Divest,Inactive,Divest,https://www.facebook.com/pg/dpudivest/posts/?ref=page_internal,,
DePaul University,DePaul Socialists,Inactive,Other,https://www.instagram.com/dpusocialists/,https://www.facebook.com/DPUSocialists,
DePaul University,Students Against Incarceration DePaul,Active,Other,https://www.instagram.com/saidepaul/,,
Denison University,SJP,Active,SJP,https://www.instagram.com/denisonsjp/,,
Drake University,SJP,Inactive,SJP,https://www.facebook.com/groups/DrakeSJP/about/,,
Drake University,Middle East Peace and Prosperity Alliance,Active,SJP,https://www.instagram.com/dumeppa/,https://www.facebook.com/DUMEPPA/,
Drew University,SJP,Active,SJP,https://www.instagram.com/drewsjp/,,
Drew University,Drew Roosevelt Network,Active,Other,https://www.instagram.com/drewrooseveltnetwork/,,
Drew University,Indianapolis Party for Socialism & Liberation (Holds Joint Protest Events with SJP),Active,Other,https://www.instagram.com/pslindianapolis/,,
Drexel University,SJP,Active,SJP,https://www.instagram.com/drexelsjp/,,
Duke University,SJP,Active,SJP,https://www.facebook.com/DukeSJP,https://www.instagram.com/duke_sjp/,
Duke University,Duke Arab Student Organization,Active,Other,https://www.instagram.com/dukeaso/,,
Earlham College,SJP,Active,SJP,https://www.facebook.com/EarlhamSPJP/,https://www.instagram.com/earlham_spjp/,
Earlham College,BDS Earlham,Inactive,Divest,https://www.facebook.com/BDSEarlham,,
Eastern Michigan University,SJP,Inactive,SJP,https://www.facebook.com/EMUS4JP/,https://www.instagram.com/emusjp/,
Emerson College,SJP,Active,SJP,https://www.instagram.com/sjpemerson/,,
Emerson College,Democratic Socialists of America,Active,Other,https://www.instagram.com/dsa.emerson/,,
Emmanuel College,MSA,Inactive,Other,https://www.facebook.com/Emmanuel-College-MSA-1806273622726823/,,
Emory University,SJP,Active,SJP,https://www.facebook.com/sjpemoryuniversity,https://www.instagram.com/emory.sjp/,
Emory University,Emory Stop Cop City,Active,Other,https://www.instagram.com/emorystopcopcity/,,
Evergreen State College,SJP,Inactive,SJP,https://www.facebook.com/TESCSJP,,
Evergreen State College,TESC Divest,Inactive,Divest,https://tescdivest.blogspot.com/,,
Florida Atlantic University,SJP,Inactive,SJP,https://www.instagram.com/sjpfau/,,
Florida International University,SJP,Inactive,SJP,https://www.facebook.com/sjp.fiu/,https://www.instagram.com/sjpatfiu/,
Florida International University,Young Democratic Socialists of America,Active,Other,https://www.facebook.com/ydsafiu/,https://www.instagram.com/ydsafiu/,
Florida State University,SJP,Active,SJP,https://www.instagram.com/fsusjp/,https://www.facebook.com/FSUSJP/,
Florida State University,Students United for Justice in Palestine,Inactive,SJP,https://www.facebook.com/groups/SUJPFSU/,,
Florida State University,Students for a Democratic Society,Active,Other,https://twitter.com/FSUSDS,https://www.instagram.com/fsusds/,
Fordham University,SJP,Active,SJP,https://www.instagram.com/fordhamsjp/,,
Fordham University,Fordham Palestine Solidarity Network,Active,SJP,https://www.instagram.com/fordhampsn/,,
Fordham University,Fordham Grad SJP,Active,SJP,https://www.instagram.com/fordham_grad_sjp/,,
Fordham University,Fordham Law NLG,Active,Other,https://www.instagram.com/fordhamlaw.nlg/,,
Fordham University,Graduate SJP at Fordham University,Active,SJP,https://www.instagram.com/fordham_grad_sjp/,,
George Mason University,SAIA,Inactive,SJP,https://www.facebook.com/GMUSAIA/,https://www.instagram.com/gmusaia/,
George Mason University,GMU Muslim-Jewish Alliance,Inactive,Other,https://www.facebook.com/permalink.php?story_fbid=1667286426900692&id=1659189631043705,,
George Mason University,JVP,Inactive,JVP,https://www.facebook.com/JVPMason/,,
George Mason University,DAWAH,Inactive,Other,https://www.facebook.com/gmudawah/,,
George Mason University,SJP,Active,SJP,https://www.instagram.com/sjp.mason/,https://www.facebook.com/groups/2200115548,
George Mason University,GMU Pride Alliance,Active,Other,https://www.instagram.com/p/CcLSFymumA3/,,
George Mason University,GMU Coalition for Palestine,Active,Other,https://www.instagram.com/gmu4palestine/,,
George Washington University,JVP,Active,JVP,https://www.facebook.com/JVPGW/,https://www.instagram.com/jvpgwu/,
George Washington University,SJP,Active,SJP,https://www.facebook.com/SJPatGWU/,https://www.instagram.com/gwusjp/,https://www.instagram.com/gwusjp2/
George Washington University,GW Law Students for Justice in Palestine,Active,SJP,https://www.facebook.com/GW-Law-Students-for-Justice-in-Palestine-114954270204745,,
George Washington University,Students Against Imperialism,Active,Other,https://www.instagram.com/gwusai/,,
George Washington University,GW Black Defiance,Active,Other,https://www.instagram.com/gwblackdefiance/,,
George Washington University,Student Coalition for Palestine at GWU,Active,SJP,https://www.instagram.com/gwuscpalestine/,,
Georgetown University,SJP,Active,SJP,https://www.instagram.com/sjpgeorgetown/,https://www.facebook.com/GeorgetownSJP/,
Georgetown University,Law SJP,Active,SJP,https://www.instagram.com/lsjpgeorgetown/,,
Georgetown University,Georgetown Forming a Radically Ethical Endowment (Georgetown F.R.E.E),Inactive,Other,https://gufreeorg.wordpress.com/,,
Georgetown University,JVP Georgetown,Active,JVP,https://www.instagram.com/jvpgeorgetown/,,
Georgetown University,GT Med Students 4 Palestine,Active,Other,https://www.instagram.com/gums4palestine/,,
Georgetown University,Georgetown Jewish Students for Justice,Active,JVP,https://www.instagram.com/gulc.jsj/,,
Georgetown University,Zeytoun: A SWANA Alliance,Active,Other,https://www.instagram.com/zeytoungu/,,
Georgetown University,Georgetown Faculty and Staff for Justice in Palestine (FSJP),Active,Faculty,https://www.instagram.com/georgetownfsjp,,
Georgia Institute of Technology,Muslim Student Association,Active,Other,https://www.instagram.com/gatechmsa/,https://nique.net/news/2023/02/19/tech-msa-holds-event-on-palestinian-awareness/,
Georgia State University,SJP,Active,SJP,https://www.instagram.com/gsusjp/,https://www.facebook.com/sjp.gsu,
Goucher College,SJP,Inactive,SJP,none,,
Goucher College,TALQ BIG,Inactive,Other,https://www.facebook.com/gouchertalqbig/,,
Governors State University,Governors State SJP,Active,SJP,https://www.instagram.com/govstatesjp/,,
Grand Valley State University,Students for Justice in Palestine - GVSU,Active,SJP,https://www.instagram.com/sjpgvsu/,,
Green Mountain College,SJP,Inactive,SJP,https://www.facebook.com/sjpgmc/,,
Grinnell College,SJP,Active,SJP,https://www.instagram.com/sjp_grinnell/,,
Guilford College,SJP,Inactive,SJP,https://www.facebook.com/GuilfordCollegeStudentsForJusticeInPalestine/,,
Hampshire College,SJP,Inactive,SJP,https://www.instagram.com/hampshirecollegesjp/,https://www.facebook.com/Hampshire-College-Students-for-Justice-in-Palestine-453368798191253/,
Harvard University,Palestine Solidarity Committee,Active,SJP,https://www.facebook.com/psc.harvard,https://www.instagram.com/harvardpsc/,
Harvard University,Harvard Law School Justice for Palestine,Inactive,SJP,https://www.facebook.com/Harvard-Law-School-Justice-for-Palestine-530233190475864/,,
Harvard University,The Palestine Caucus at HKS,Inactive,SJP,https://www.facebook.com/Palestine-Caucus-462340094287944/,,
Harvard University,Harvard Jewish Coalition for Peace,Inactive,Other,https://www.facebook.com/Harvard-Jewish-Coalition-for-Peace-101581508089863/,,
Harvard University,Harvard Out of Occupied Palestine,Inactive,Other,https://www.facebook.com/harvardoop/,https://www.instagram.com/harvardoop/,
Harvard University,Harvard Endowment Justice Coalition,Inactive,Divest,https://www.facebook.com/events/656574211804050/,,
Harvard University,Harvard Graduate Students 4 Palestine,Active,Other,https://www.instagram.com/harvardgs4p/,,
Harvard University,Harvard BDS (Rank and file Harvard Graduate Student Union members organizing for BDS),Active,Faculty,https://www.instagram.com/bdsharvard/,,
Harvard University,Harvard Jews for Palestine,Active,JVP,https://www.instagram.com/harvardj4p/,,
Haverford College,Bi-Co Students for Justice in Palestine,Active,SJP,https://www.instagram.com/sjpbico/,https://www.facebook.com/bicosjp/,
Haverford College,Bi-Co JVP,Active,JVP,https://www.instagram.com/bicojvp/,,
Hofstra University,SJP,Inactive,SJP,https://www.facebook.com/Students-for-Justice-in-Palestine-at-Hofstra-University-288412367949350/,,
Howard University,SJP,Active,SJP,https://www.instagram.com/sjphowardu/,,
Illinois Institute of Technology,SJP,Active,SJP,https://www.instagram.com/sjpiit/,https://www.facebook.com/sjp.iit/,
Indiana University Bloomington,Palestine Solidarity Committee at IU,Inactive,SJP,https://www.facebook.com/PSCatIU/,https://www.instagram.com/psc_iu/,
Indiana University Bloomington,MESA,Active,Other,https://www.instagram.com/mesaiub/,,
Indiana University Purdue University Fort Wayne,SJP,Inactive,SJP,https://www.facebook.com/groups/SJPFortWayne/about/,,
Indiana University Purdue University Indianapolis (IUPUI),SJP,Inactive,SJP,https://www.instagram.com/sjp_iupui/,,
Indiana University Purdue University Indianapolis (IUPUI),Interfaith Coalition for Palestine IUPUI,Inactive,Other,https://www.facebook.com/InterfaithCoalitionforPalestine/,,
Indiana University Purdue University Indianapolis (IUPUI),Indiana Palestine Solidarity,Active,Other,https://www.facebook.com/IndianaPalestineSolidarity/,,
Indiana University Purdue University Indianapolis (IUPUI),IUPUI Faculty and Staff for Justice in Palestine,Inactive,Faculty,https://iupuifacultystaff4palestine.wordpress.com/,,
Indiana University of Pennsylvania,Penn Chavurah,Active,Other,https://www.instagram.com/pennchavurah/,https://www.instagram.com/p/CxTPRvEOisp/,
Irvine Valley College,SJP,Active,SJP,https://www.instagram.com/sjpativc/,,
Ithaca College,SJP,Inactive,SJP,https://www.facebook.com/ICSJP/,,
John Carroll University,SJP,Active,SJP,https://www.instagram.com/sjpjcu/,,
John Carroll University,Black Students in Action,Active,Other,https://www.instagram.com/jcubsa/,,
Johns Hopkins University,SJP,Active,SJP,https://www.facebook.com/hopkinssjp/,https://www.instagram.com/sjphopkins/,
Johns Hopkins University,Students Against Private Police,Inactive,Other,https://www.facebook.com/NOPRIVATEPOLICEJHU/,,
Johns Hopkins University,Hopkins Coalition Against ICE,Inactive,Other,https://www.facebook.com/ICEoutJHU/,,
Johns Hopkins University,Johns Hopkins Bloomberg School of Public Health SJP,Active,SJP,https://www.instagram.com/bsph.sjp/,,
Kalamazoo College,SJP,Active,SJP,https://www.instagram.com/sjpkzoo/,,
Kennesaw State University,Students for Justice in Palestine,Inactive,SJP,https://www.instagram.com/kennesawsjp/,,
Kent State University,SJP,Active,SJP,https://www.facebook.com/SJPKSU/,https://www.instagram.com/ksusjp/,
Kent State University,Kent State SALSA,Inactive,Other,https://www.facebook.com/pg/KentStateSALSA/,,
Kent State University,Jewish Voice for Peace,Inactive,JVP,https://www.instagram.com/jvpkent/,,
Kenyon College,SJP,Active,SJP,https://www.instagram.com/kenyonsjp/,,
Kenyon College,JVP,Inactive,JVP,https://kenyoncollegian.com/news/2018/04/jewish-voices-for-peace-hosts-first-meeting-to-create-dialouge/,,
Kenyon College,Kenyon Solidarity Boycott,Inactive,Divest,https://www.facebook.com/solidarityboycott/,,
Lafayette College,SJP,Active,SJP,https://www.instagram.com/laf_sjp/,https://www.instagram.com/lv_sjp/,
Lafayette College,Pards for Palestine,Active,SJP,https://lafayettestudentnews.com/153786/news/pro-palestine-protest-promotes-peace-generates-backlash/,,
Lawrence University,SJP,Inactive,SJP,https://www.facebook.com/SJPLU/,,
Le Moyne College,Peace Action Le Moyne,Active,SJP,https://www.instagram.com/peaceaction_lemoyne/,,
Lehigh University,Lehigh4Palestine,Active,SJP,https://www.instagram.com/lehigh4palestine/,,
Lehigh University,Student Political Action Committee (SPAC),Active,Other,https://www.instagram.com/lehighspac/,,
Lewis University,SJP,Inactive,SJP,https://www.instagram.com/sjplewisuniversity/,https://www.facebook.com/SJPLEWISUNI,
Los Angeles Valley College,SJP,Inactive,SJP,https://twitter.com/sjplavc,,
Louisiana State University,SJP at LSU,Active,SJP,https://www.instagram.com/sjpatlsu/,https://www.facebook.com/SJPatLSU,
Louisiana State University,LSU Black Student Union,Active,Other,https://www.instagram.com/bsuatlsu/,https://www.instagram.com/p/CO8d7C2n3V8/,
Louisiana State University,Cooperation Rouge,Inactive,Other,https://www.instagram.com/cooperationrouge/,https://www.instagram.com/p/COye16hhTCW/,
Loyola Marymount University,Faculty for Justice in Palestine @ LMU,Active,Faculty,https://www.instagram.com/lmu.fjp/,,
Loyola Marymount University,SJP Loyola Marymount,Active,SJP,https://www.instagram.com/sjplmu/,,
Loyola University Chicago,SJP,Active,SJP,https://www.instagram.com/sjpluc/,https://www.facebook.com/sjp.loyola/,
Loyola University Chicago,Loyola Divest,Inactive,Divest,https://www.facebook.com/LoyolaDivest/,,
Loyola University Chicago,Loyola Chicago Dissenters,Active,Other,https://www.instagram.com/lucdissenters/,,
Loyola University New Orleans,Students for a Democratic Society,Active,Other,https://www.instagram.com/loynosds/,,
Macalester College,Students United for Palestinian Equal Rights,Inactive,SJP,https://www.facebook.com/macforpalestine/,,
Macalester College,JVP,Inactive,JVP,https://www.instagram.com/jvpmacalester/,,
Macalester College,Mac If Not Now,Active,Other,https://www.instagram.com/macifnotnow/,,
Macalester College,Macalester Adelante,Active,Other,https://www.instagram.com/macalesteradelante/,,
Macalester College,YDSA - Young Democratic Socialists of America,Active,Other,https://www.instagram.com/macalester_ydsa/,,
Marquette University,MU Divest,Inactive,Divest,https://www.facebook.com/MUDivest/,,
Marquette University,SJP,Active,SJP,https://www.instagram.com/sjpmarquette/,,
Massachusetts Institute of Technology,Palestine @ MIT,Active,SJP,https://www.facebook.com/pg/palestineatmit/posts/,https://www.instagram.com/palestineatmit/,
Massachusetts Institute of Technology,MIT Arab Students' Organization,Active,Other,https://www.facebook.com/ASOMIT,https://www.instagram.com/aso.mit/,
Massachusetts Institute of Technology,MIT Coalition Against Apartheid,Active,Other,https://www.instagram.com/mit_caa/,,
Metropolitan Community College Longview,SJP,Inactive,SJP,https://www.facebook.com/Mcc-Lv-Students-for-Justice-in-Palestine-304960129516525/,,
Miami University Ohio,SJP,Active,SJP,https://www.instagram.com/miamiuniversity.sjp/,,
Michigan State University,SJP,Inactive,SJP,https://twitter.com/sjp_msu,,
Michigan State University,Students United for Palestinian Rights - SUPR,Active,Other,https://www.facebook.com/SUPRMSU/,https://www.instagram.com/suprmichiganstate/,
Michigan State University,JVP,Active,JVP,https://www.instagram.com/jvp_msu/,,
Michigan State University,Alumni of UMich 4 Palestine,Active,Other,https://www.instagram.com/alumniofumich4palestine/,,
Michigan State University,The Middle Eastern Law Students Association (MELSA),Active,Other,https://www.instagram.com/p/CyTn1mHAFfC/,,
Michigan State University,Hurriya Coalition,Active,Other,https://www.instagram.com/hurriyamsu/,,
Middlebury College,Students for Justice in Palestine,Active,SJP,https://www.instagram.com/sjp_middlebury/,,
Montclair State University,SJP,Active,SJP,https://www.instagram.com/montclairsjp/,,
Moorpark College,SJP,Active,SJP,https://www.instagram.com/moorparkc.sjp/,,
Moraine Valley Community College,SJP,Active,SJP,https://www.instagram.com/sjp_mvcc/,,
Mt. Holyoke College,SJP,Inactive,SJP,https://www.facebook.com/groups/119065431586556/,,
Mt. San Antonio College,Mt. SAC MSA,Active,Other,https://www.instagram.com/mtsac_msa/,,
Mt. San Antonio College,Mt. SAC Black Student Union,Active,Other,https://www.instagram.com/mtsacbsu/,,
Mt. San Antonio College,Mt. SAC Students for Socialism,Active,Other,https://www.instagram.com/sfsmtsac/,,
New Jersey Institute of Technology,Divest NJIT,Active,Divest,https://www.instagram.com/divestnjit/,,
New York University,SJP,Active,SJP,https://www.facebook.com/NYU.SJP/,https://www.instagram.com/nyu_sjp/,
New York University,NYU Law Students for Justice in Palestine,Active,SJP,https://www.instagram.com/nyulsjp/,https://www.facebook.com/NYULawSJP/,
New York University,NYC SJP,Inactive,SJP,https://nycsjp.wordpress.com/,,
New York University,NYU JVP,Active,"JVP, Student",https://www.facebook.com/nyujvp/,,
New York University,NYU Jews For Justice,Inactive,"JVP, Student",https://www.instagram.com/nyujews4justice/,https://mobile.twitter.com/nyujews4justice,
New York University, Jewish Law Students for a Free Palestine,Active,"JVP, Student",https://drive.google.com/file/d/16lRA7y3oMt7a-HkhOw-IBwaZpEVDeELo/view,,
New York University,Shut it Down NYU,Active,"Divest, Student",https://www.instagram.com/shutitdownnyu/,,
New York University,NYU Faculty for Justice in Palestine,Active,Faculty,https://www.instagram.com/nyu_fjp/,,
New York University,NYU Abolition Lab,Active,"Other, Student",https://www.instagram.com/nyuabolitionlab/,,
New York University,NYU GSOC UAW (Grad Student Workers Union),Active,Other,https://www.instagram.com/nyu_gsoc_uaw/,,
New York University,NYU Dissenters,Active,"Other, Student",https://www.instagram.com/nyudissenters/,,
New York University,Ne’ametz NYU,Active,JVP,https://www.instagram.com/ne.ametznyu/,,
New York University,NYU Alumni For Palestine - NYU Divest,Active,Other,https://www.instagram.com/nyualumniforpalestine/,,
North Carolina State University,SJP,Inactive,SJP,https://www.instagram.com/ncsusjp/,,
Northeastern Illinois University,SJP,Inactive,SJP,https://www.facebook.com/sjp.neiu/,,
Northeastern University,SJP,Active,SJP,https://www.instagram.com/nusjp/,https://www.facebook.com/nusjp/,
Northeastern University,SJP Group,Active,SJP,https://www.facebook.com/groups/northeasternsjp/about/,,
Northeastern University,Northeastern University School of Law Students for Justice in Palestine,Active,SJP,https://www.instagram.com/nuslsjp/,,
Northeastern University,NEU - YDSA,Active,Other,https://www.instagram.com/neu_ydsa/,,
Northeastern University,Huskies for a Free Palestine,Active,SJP,https://www.instagram.com/hfp.neu/,,
Northern Arizona University,SJP,Active,SJP,https://www.instagram.com/nau_sjp/,,
Northwestern University,SJP,Active,SJP,https://www.facebook.com/northwesternsjp/,https://www.instagram.com/nu.sjp/,
Northwestern University,NU Divest,Inactive,Divest,https://www.instagram.com/explore/tags/nudivest/,,
Northwestern University,NU Dissenters,Inactive,Other,https://www.instagram.com/wearenudissenters/,,
Northwestern University,NU College Feminists,Active,Other,https://www.instagram.com/nufeminists/,,
Northwestern University,Northwestern Community for Human Rights,Active,Other,https://www.instagram.com/nuhumanrights/,,
Oakland University,SJP,Active,SJP,https://www.instagram.com/ou_sjp/,,
Oberlin College,Oberlin Divest,Inactive,Divest,https://www.facebook.com/OberlinDivest,,
Oberlin College,Students for a Free Palestine,Active,SJP,https://www.instagram.com/oberlinsfp/,https://www.facebook.com/oberlinsfp/,
Oberlin College,JVP,Inactive,JVP,https://www.facebook.com/OberlinJVP/,,
Oberlin College,Oberlin Jews for a Free Palestine,Active,JVP,https://www.instagram.com/oberlinjews4palestine/,,
Occidental College,SJP,Active,SJP,https://www.instagram.com/oxysjp/,https://www.facebook.com/sjpoxy/,
Oglethorpe University,SJP,Inactive,SJP,https://www.facebook.com/sjpou/,,
Ohio State University,SJP,Active,SJP,https://www.instagram.com/sjposu/,,
Ohio State University,Ohio State Divest,Inactive,Divest,https://www.facebook.com/ohiostatedivest/,,
Ohio State University,JVP,Inactive,JVP,https://www.facebook.com/JVPOSU/,,
Ohio State University,OSU Coalition for BDS,Inactive,Divest,https://www.facebook.com/OSU4BDS/,,
Ohio State University,Palestinian Women's Association at The Ohio State University,Active,Other,https://www.instagram.com/pwaosu/,,
Ohio State University,"JVP Central Ohio (off-campus, holds events on campus)",Active,JVP,https://www.facebook.com/JVPCentralOhio/,,
Ohio State University,Central Ohio Revolutionary Socialists (CORS) [Registered Student Org],Active,Other,https://www.instagram.com/corsrev/,https://www.facebook.com/CentralOhioRS/,https://twitter.com/CORSrev
Ohio University,SJP,Inactive,SJP,https://www.facebook.com/groups/101713836563332/,,
Old Dominion University,SJP,Active,SJP,https://www.instagram.com/sjpatodu/,,
Oregon State University,Students United for Palestinian Equal Rights - OSU,Inactive,SJP,https://www.facebook.com/super.osu/,,
Pace University,SJP,Inactive,SJP,https://www.facebook.com/profile.php?id=100006674448447,,
Pace University - Pleasantville,SJP,Inactive,SJP,https://www.facebook.com/Students-for-Justice-in-Palestine-at-Pace-University-Pleasantville-1036914299656307/,,
Pennsylvania State University,SJP,Active,SJP,https://www.instagram.com/pennstatesjp/,https://www.facebook.com/PennStateSJP/,
Pennsylvania State University,Student Committee for Defense and Solidarity,Active,Other,https://www.instagram.com/scds_sc/,,
Portland State University,Students United for Palestinian Equal Rights (SUPER),Active,SJP,https://www.facebook.com/PSUSUPER/,,
Portland State University,JVP,Inactive,JVP,https://www.facebook.com/JVPPSU/,https://www.instagram.com/jvppsu/,
Princeton University,Princeton Committee on Palestine,Active,SJP,https://www.instagram.com/princeton4palestine/,https://www.facebook.com/PrincetonCommitteeOnPalestine/,
Princeton University,Princeton Divests,Inactive,Divest,https://www.facebook.com/PrincetonDivests/,,
Princeton University,Princeton for Palestine,Active,SJP,https://www.facebook.com/PrincetonforPalestine/,,
Princeton University,Princeton YDSA,Active,Other,https://www.instagram.com/ydsa_princeton/,,
Princeton University,Divest Princeton (Fossil Fuels),Active,Divest,https://www.instagram.com/p/Cywq5KNLnyK/,,
Princeton University,Princeton Alumni for Palestine,Active,Other,https://www.instagram.com/princetonalum4palestine/,,
Purdue University,SJP,Active,SJP,https://www.facebook.com/purduesjp/,https://www.instagram.com/sjppurdue/,
Reed College,SJP,Active,SJP,https://www.instagram.com/reed.sjp/,,
Rhode Island College,SJP,Inactive,SJP,http://www2.ric.edu/Pages/PageNotFoundError.aspx?requestUrl=http://www2.ric.edu/studAct/stuOrgSpecific.php,,
Rhode Island School of Design,RISD Students for Justice in Palestine,Active,SJP,https://www.facebook.com/risdsjp/,https://www.instagram.com/risdsjp/,
Rhode Island School of Design,RISD SASA,Active,Other,https://www.instagram.com/risdxsasa/,,
Rice University,Rice Left,Inactive,Other,https://www.instagram.com/riceleft/,https://www.facebook.com/riceleft/,
Rice University,SJP,Active,SJP,https://www.instagram.com/rice.sjp/,,
Rice University,RICE Pride,Active,Other,https://www.instagram.com/rice_pride/,,
Rutgers University - New Brunswick,SJP,Active,SJP,https://www.instagram.com/sjprutgersnb/,,
Rutgers University - New Brunswick,The Endowment Justice Collective,Active,Divest,https://www.instagram.com/rutgersejc/,https://www.facebook.com/RutgersEJC/,
Rutgers University - New Brunswick,All Marxist-Leninist Union,Active,Other,https://www.instagram.com/scarletrevs/,,
Rutgers University - New Brunswick,Rutgers for Palestine (Collective of Union Members across Rutgers U ),Active,Other,https://www.instagram.com/ru4palestine/,,
Rutgers University - New Brunswick,Robert Wood Johnson Medical School 4 Palestine (RWJMS4Palestine0,Active,SJP,https://www.instagram.com/rwjms4palestine/,,
Rutgers University - New Brunswick,Rutgers Alumni for Justice in Palestine (Not a Student Group),Active,Other,https://www.instagram.com/rutgersajp/,,
Rutgers University - New Brunswick,Rutgers Faculty for Justice in Palestine (FJP),Active,Faculty,https://www.instagram.com/rutgersfjp/,,
Rutgers University - New Brunswick,Rutgers AAUP Chapter Councils,Active,Other,https://www.instagram.com/rutgersaaup/,,
Rutgers University - Newark,SJP,Active,SJP,https://www.instagram.com/rsjpnewark/,https://www.facebook.com/rutgers.sjp,
SUNY Binghamton,SJP,Active,SJP,https://www.instagram.com/sjpbinghamton/,https://www.facebook.com/sjpbinghamton/,
SUNY Buffalo,SJP,Inactive,SJP,https://www.instagram.com/sjp_ub/,,
SUNY College of Environmental Science and Forestry,The Baobab Society at ESF,Active,Other,https://www.instagram.com/thebaobabsociety/,,
SUNY College of Environmental Science and Forestry,Latin American Student Organization at ESF (LASO),Active,Other,https://www.instagram.com/laso.esf/,,
SUNY Fashion Institute of Technology,SJP,Active,SJP,https://www.instagram.com/fit.sjp/,,
SUNY New Paltz,SJP,Inactive,SJP,https://www.instagram.com/sjp_newpaltz/?hl=en,,
SUNY Stony Brook,SJP,Inactive,SJP,https://www.facebook.com/SBUSJP/,,
SUNY at Albany,U Albany for BDS,Inactive,Divest,https://www.facebook.com/UalbanyDivests/,,
SUNY at Albany,SJP,Inactive,SJP,https://www.instagram.com/ua.sjp/,,
San Diego State University,SJP,Active,SJP,https://www.instagram.com/sdsusjp/,https://www.facebook.com/sdsusjp/,
San Diego State University,SDSU Divest,Inactive,Divest,https://www.facebook.com/sdsudivest/,,
San Francisco State University,General Union of Palestinian Students (GUPS),Active,SJP,https://mobile.twitter.com/gups_sfsu,https://www.facebook.com/GeneralUnionofPalestineStudents/,
San Jose State University,SJP,Active,SJP,https://www.facebook.com/sjsusjp,https://www.instagram.com/sjsusjp/,
San Jose State University,Ahlul-Bayt Student Association SJSU,Active,Other,https://www.instagram.com/absa_sjsu/,,
Santa Clara University,SJP,Inactive,SJP,https://www.instagram.com/scusjp/,,
Santa Monica College,SJP,Inactive,SJP,https://www.facebook.com/SJPatSMC,,
Santa Monica College,Students for Boycott Divestment & Sanctions of israel [sic],Active,Divest,https://www.facebook.com/divestSMC,,
Sarah Lawrence College,SJP,Active,SJP,https://www.instagram.com/slc.sjp/,,
Sarah Lawrence College,JVP,Active,JVP,https://www.instagram.com/jvpslc/,,
Sarah Lawrence College,Sarah Lawrence Faculty for Justice in Palestine,Active,Faculty,https://www.instagram.com/sl_fjp/,,
School of the Art Institute of Chicago,SJP,Active,SJP,https://www.facebook.com/groups/1540491872909969/about/,,
School of the Art Institute of Chicago,SAIC Students for Palestinian Liberation,Active,SJP,https://www.instagram.com/saic_spl/,,
Seattle University,SJP,Active,SJP,https://www.instagram.com/seattleusjp/,https://www.facebook.com/seattleusjp,
Seton Hall University,SJP,Inactive,SJP,https://www.instagram.com/shu_sjp/,,
Shenandoah University,SJP,Active,SJP,https://www.instagram.com/shenusjp/,,
Simmons University,SJP,Inactive,SJP,https://www.facebook.com/simmonscollegesjp/,,
Skidmore College,Skidmore SJP,Inactive,SJP,https://www.instagram.com/skidsjp/,,
Smith College,SJP,Inactive,SJP,https://www.instagram.com/smith_sjp/,,
Southern Illinois University Edwardsville,SJP,Inactive,SJP,https://www.siue.edu/news/2015/10/StudentsforPalestine.shtml,,
Southern Methodist University,SJP,Inactive,SJP,https://www.instagram.com/smu.sjp/,,
Southern Methodist University,Palestine Solidarity Committee ,Active,Other,https://www.instagram.com/psc.smu/,,
Southern Methodist University,MSA,Active,Other,https://www.instagram.com/smumsa/,,
Spelman College,SJP,Active,SJP,https://www.instagram.com/spelmansjp/,,
St. Cloud State University,SJP,Active,SJP,https://www.instagram.com/stcstudentsforpalestine/,,
St. John's University,SJP,Active,SJP,https://www.instagram.com/stjohnssjp/,https://www.instagram.com/stjohnssjppali/,
St. Joseph's College,SJP,Inactive,SJP,https://www.facebook.com/SJPatSJC/,,
St. Olaf College,Oles for Justice in Palestine,Inactive,SJP,https://www.facebook.com/Oles4Justice/,,
St. Xavier University,SJP,Active,SJP,https://www.instagram.com/sjpsxu_/,,
Stanford University,SJP,Active,SJP,https://www.instagram.com/stanfordsjp/,,
Stanford University,JVP,Inactive,JVP,https://www.facebook.com/JVPStanford/,,
Stanford University,Stanford Faculty for Justice in Palestine,Active,Faculty,https://www.instagram.com/stanfordfjp/,,
Stanford University,Stanford Medical Students for Palestine,Active,Other,https://www.instagram.com/stanmed4pal/,,
Stanford University,Stanford Sit-in to Stop Genocide!,Active,Other,https://www.instagram.com/sit_in_to_stop_genocide/,,
Suffolk University,SJP,Inactive,SJP,https://www.facebook.com/SJPSuffolk/,,
Suffolk University,SJP,Active,SJP,https://www.instagram.com/suffolk_sjp/,,
Swarthmore College,SJP,Active,SJP,https://www.instagram.com/swarthmoresjp/,https://twitter.com/SwarthmoreSJP,
Swarthmore College,SPJP,Inactive,SJP,https://www.facebook.com/SwarthmoreSPJP/,https://www.facebook.com/SwarthmoreSJP,
Swarthmore College,JVP,Active,JVP,https://www.facebook.com/swatjvp/,https://www.instagram.com/swarthmorejvp/,
Swarthmore College,Swarthmore Palestine Coalition,Active,Other,https://www.instagram.com/swarthmorespc/,,
Syracuse University,Palestine Solidarity Collective at SU,Active,Other,https://www.facebook.com/PSCatSU/,https://www.instagram.com/psc_su/,
Syracuse University,Black at Syracuse University,Active,Other,https://www.instagram.com/blackatcuse/,,
Syracuse University,BIPOC in Syracuse University,Inactive,Other,https://www.instagram.com/bipoc.syracuse/,,
Syracuse University,Faculty for Justice in Palestine (FJP),Active,Faculty,https://www.instagram.com/facultyforpalestinesu/,,
Temple University,SJP,Active,SJP,https://www.instagram.com/sjptemple/?hl=en,https://www.facebook.com/temple.sjp.3/,https://twitter.com/templesjp
Temple University,SJP Ona Move,Inactive,SJP,https://www.instagram.com/explore/tags/sjponamove/,,
Texas A & M University,Aggies for Palestine,Inactive,SJP,https://www.facebook.com/Aggies4Palestine/,,
Texas A & M University,Palestine Solidarity Committee Texas A&M,Active,Other,https://www.instagram.com/psc.tamu/,https://www.facebook.com/PSC.TAMU,
Texas Christian University,SJP,Inactive,SJP,none,,
The New School,SJP,Active,SJP,https://www.facebook.com/SJPNewSchool/,https://www.instagram.com/tns.sjp/,
The New School,Faculty for Justice in Palestine (FJP),Active,Faculty,https://www.instagram.com/tns_fjp/,,
Towson University,Colonized Peoples Revolution,Active,Other,https://www.instagram.com/towsoncpr/,,
Trinity College,SJP,Inactive,SJP,https://www.facebook.com/profile.php?id=100011420584273,,
Trinity College,Trinity Students & Faculty for Justice in Palestine,Active,"Faculty, SJP",https://www.instagram.com/sfjp_trin/,,
Tufts University,SJP,Active,SJP,https://www.facebook.com/TuftsSJP/,https://www.instagram.com/sjptufts/,https://twitter.com/SJPtufts
Tufts University,JVP,Inactive,JVP,https://www.facebook.com/Tufts-Jewish-Voice-for-Peace-510525799158271/,,
Tufts University,Tufts United for Immigrant Justice,Active,Other,https://www.facebook.com/tuftsuij/,,
Tufts University,J Street U,Active,Other,https://www.instagram.com/jstreettufts/,,
Tufts University,Tufts Revolutionary Marxist Students,Active,Other,https://www.instagram.com/p/Clegfh5uZfk/,,
Tufts University,Coalition for Liberation at Tufts,Active,Other,https://www.instagram.com/cpltufts/,,
Tulane University,SJP,Active,SJP,https://www.instagram.com/tulane4palestine/,,
University of Akron,SJP,Active,SJP,https://www.facebook.com/sjpakron/,https://www.instagram.com/sjpakron/,
University of Akron,UCW Arizona,Active,Other,https://www.instagram.com/ucwarizona/,,
"University of Alabama, Birmingham",SJP,Inactive,SJP,https://www.facebook.com/SJPUAB/,,
University of Arizona,SJP,Active,SJP,https://www.instagram.com/sjpuarizona/,,
University of Arizona,JVP,Inactive,JVP,https://www.facebook.com/groups/135237253183943/about/,,
University of Arizona,National Lawyers Guild University of Arizona,Active,Other,https://www.instagram.com/nlg_ua/,,
University of California Berkeley,SJP,Inactive,SJP,https://www.facebook.com/calsjp,,
University of California Berkeley,Law SJP,Active,SJP,https://www.instagram.com/berkeleylawforpalestine/,https://www.instagram.com/berkeleylawforpalestine/,https://www.facebook.com/BerkeleyLSJP/
University of California Berkeley,Bears for Palestine,Active,SJP,https://www.facebook.com/BearsforPalestine/,https://www.instagram.com/bearsforpalestine/,
University of California Berkeley,JVP,Active,JVP,https://www.facebook.com/jvpucberkeley/,https://www.instagram.com/jvpatucberkeley/,
University of California Berkeley,Student Environmental Resource Center,Active,Other,https://www.instagram.com/sercberkeley/,,
University of California Berkeley,Berkeley Law Jews for Palestine,Active,JVP,https://www.instagram.com/berkeleylawjewsforpalestine/,,
University of California Berkeley,UC Berkeley Graduate SJP,Active,SJP,https://www.instagram.com/ucbgrads4palestine/,,
University of California Berkeley,Cal YDSA,Active,Other,https://www.instagram.com/calydsa/,,
University of California Berkeley,Palestinian Public Health at UC Berkeley,Active,Other,https://www.instagram.com/ucb_pph/,,
University of California Berkeley,Ahlul Bayt Student Association of UC Berkeley,Active,Other,https://www.instagram.com/absaberkeley/,,
University of California Davis,SJP,Active,SJP,https://www.facebook.com/SJPatUCD/,https://www.instagram.com/sjpatucd/,
University of California Davis,Davis Divest,Inactive,Divest,https://www.facebook.com/UcDavisDivest/,,
University of California Davis,JVP,Active,JVP,https://www.instagram.com/jvpucdavis/,https://twitter.com/jvp_ucd,
University of California Davis,COLA,Inactive,Divest,https://www.ucdcola4all.org/,https://www.instagram.com/ucd4cola/,https://twitter.com/ucd4cola
University of California Davis,Other Collective Media Platform,Active,Other,https://www.instagram.com/other_collective/,,
University of California Irvine,SJP,Active,SJP,https://www.instagram.com/sjp.uci/,https://www.facebook.com/sjpuci/,https://twitter.com/sjpatuci
University of California Irvine,Irvine Divest,Inactive,Divest,https://www.facebook.com/IrvineDivest/,,
University of California Los Angeles,SJP,Active,SJP,https://www.instagram.com/sjpatucla/,,
University of California Los Angeles,JVP,Active,JVP,https://mobile.twitter.com/jvpatucla,https://www.facebook.com/jvpatucla/,https://www.instagram.com/jvpatucla/
University of California Los Angeles,UCLA Divest,Active,Divest,https://www.instagram.com/ucladivest/,,
University of California Los Angeles,"Eagle and Condor Liberation Front, UCLA (ECLF UCLA)",Active,Other,https://www.instagram.com/eclf_la/,,
University of California Los Angeles,Graduate Students for Justice in Palestine (GSJP) at UCLA,Active,SJP,https://www.instagram.com/gradsjp_ucla/,,
University of California Los Angeles,The Undergraduate Students Association Council’s Cultural Affairs Commission ,Active,Other,https://www.instagram.com/culturalaffairs/,,
University of California Los Angeles,SJP at UCLA Law,Active,SJP,https://www.instagram.com/lsjpucla/,,
University of California Riverside,SJP,Active,SJP,https://www.instagram.com/sjpucr/,,
University of California San Diego,SJP,Active,SJP,https://www.facebook.com/sjpucsd,https://www.instagram.com/sjp.ucsd/,
University of California San Diego,Muslim Student Association (MSA),Active,Other,https://www.instagram.com/msaucsd/,,
University of California San Diego,Associated Students of UCSD ,Active,Other,https://www.instagram.com/p/Cy6jqqvOSfD/,,
University of California San Diego,UCSD Faculty for Justice in Palestine (UCSD-FJP),Active,Faculty,https://www.instagram.com/ucsd_fjp/,,
University of California San Francisco,SJP,Inactive,SJP,https://www.facebook.com/groups/131025847065210/,,
University of California Santa Barbara,SJP,Active,SJP,https://www.instagram.com/ucsbsjp/,https://www.facebook.com/UCSB-Students-for-Justice-in-Palestine-157447204298055,https://twitter.com/ucsbsjp
University of California Santa Barbara,JVP,Inactive,JVP,https://www.facebook.com/jvpucsb/,,
University of California Santa Barbara,AS Black Women’s Health Collaborative,Active,Other,https://www.instagram.com/asbwhc/,,
University of California Santa Barbara,UCSB Divest,Active,Divest,https://www.instagram.com/ucsbdivest/,,
University of California Santa Cruz,SJP,Active,SJP,https://www.instagram.com/ucscsjp/,https://www.facebook.com/UCSCSJP,
University of California Santa Cruz,UC Santa Cruz Divest,Inactive,Divest,https://www.facebook.com/UC-Santa-Cruz-Divest-372158392890853/,,
University of California Santa Cruz,UCSC Divest,Active,Divest,https://www.instagram.com/ucdivestucsc/,,
University of California Santa Cruz,Faculty for Justice in Palestine (FJP),Active,Faculty,https://www.instagram.com/fjpucsc/,,
University of California Santa Cruz,JAWS (Jewish Against White Supremacy) UCSC,Active,"Other, JVP",https://www.instagram.com/jawsucsc/,,
University of California System,UC Divest Coalition,Active,Divest,https://www.instagram.com/uc_divest/,,
University of California System,UC Alumni For Palestine,Active,Other,https://www.instagram.com/ucalumni4palestine/,,
University of Central Florida,Palestinian Student Association at UCF,Active,Other,https://www.instagram.com/ucf_palestine/,,
University of Chicago,SJP,Active,SJP,https://www.instagram.com/sjpchicago/,https://sjpmediacollective.wordpress.com/,https://twitter.com/sjpatuchicago
University of Chicago,JVP,Inactive,JVP,https://www.facebook.com/JVPUChicago/,,
University of Chicago,UofC Divest,Inactive,Divest,https://www.facebook.com/uofcdivest/,,
University of Chicago,If Not Now U Chicago,Inactive,Other,https://www.facebook.com/IfNotNowUChicago/,https://www.instagram.com/ifnotnowchicago/,
University of Chicago,UChicago Against Displacement,Active,Other,https://www.instagram.com/ucad.cba/,,
University of Chicago,UChicago United for Palestine,Active,Other,https://www.instagram.com/uchicagounited/,,
University of Chicago,FJP at UChicago,Active,Faculty,https://www.instagram.com/fjpuchicago/,,
University of Cincinnati,SJP,Active,SJP,https://www.instagram.com/sjp.uc/,https://www.facebook.com/CincinnatiSJP/,
University of Cincinnati,Cincinnati Palestine Solidarity Coalition,Inactive,Other,https://www.facebook.com/Cincinnati4Palestine/,,
University of Colorado Boulder,SJP,Active,SJP,https://www.instagram.com/boulder_sjp/,,
"University of Colorado, Denver",SJP Auraria,Inactive,SJP,https://www.facebook.com/SJPAuraria/,,
University of Connecticut,SJP,Active,SJP,https://www.instagram.com/uconnsjp/,,
University of Connecticut,Muslim Student Association,Active,Other,https://www.instagram.com/uconnmsa/,,
University of Dayton,SJP,Inactive,SJP,https://www.facebook.com/Students-for-Justice-in-Palestine-UD-767830479946503/,,
University of Delaware,SJP,Active,SJP,https://www.instagram.com/udelsjp/,,
University of Denver,SJP,Active,SJP,https://www.facebook.com/DenverSJP/,,
University of Detroit Mercy,SJP,Active,SJP,https://www.instagram.com/udmsjp/,,
"University of Florida, Gainesville",SJP,Active,SJP,https://www.facebook.com/UF-SJP-492026674165807/,https://www.instagram.com/ufsjp/,https://twitter.com/sjpuf
"University of Florida, Gainesville",Pride Student Union,Active,Other,https://www.instagram.com/ufpsu/,,
University of Georgia,SJP at UGA,Active,SJP,https://www.instagram.com/uga_sjp/,,
University of Georgia,Christians United for Palestine at UGA,Active,Other,https://www.facebook.com/christiansunitedforpalestine,,
University of Hawaii Manoa,Students and Faculty for Justice in Palestine at the U of Hawai'i,Active,"SJP, Faculty",https://www.facebook.com/SFJPUH/,https://www.instagram.com/sfjpuh/,
University of Houston,SJP,Active,SJP,https://www.instagram.com/sjphtx/,https://www.facebook.com/SJPHTX,
University of Houston,UH Divest,Active,Divest,https://www.instagram.com/uhdivest/,,
"University of Houston, Clear Lake",Students for Justice in Palestine UHCL (University of Houston Clear Lake),Active,SJP,https://www.instagram.com/sjpuhcl/,,
University of Illinois Urbana Champaign,SJP,Active,SJP,https://www.facebook.com/SJP.UIUC,https://www.instagram.com/sjp.uiuc/,
University of Illinois Urbana Champaign,UIUC Divest,Active,Divest,https://www.facebook.com/uiucdivest/,https://divestuiuc.org/,https://www.instagram.com/uiucdivest/
University of Illinois Urbana Champaign,Bar None Law,Active,Other,https://www.instagram.com/barnonelaw/,,
University of Illinois Urbana Champaign,UIUC Faculty for Justice in Palestine,Active,Faculty,https://www.instagram.com/uiucfjp/,,
University of Illinois at Chicago,SJP,Active,SJP,https://www.facebook.com/UICSJP/,,
University of Illinois at Chicago,UIC Divest,Inactive,Divest,https://www.facebook.com/UIC-Divest-580729385425509/,,
University of Illinois at Chicago,Friends of MSF (Doctors Without Borders) - UIC Chapter,Inactive,Other,https://www.instagram.com/friendsmsf_uic/,,
University of Illinois at Chicago,UIC Dissenters,Active,Other,https://www.instagram.com/uicdissenters/,,
University of Illinois at Chicago,YDSA at UIC,Active,Other,https://www.instagram.com/ydsa_uic/,,
University of Illinois at Chicago,MESA at UIC,Active,Other,https://www.instagram.com/mesaatuic/,,
University of Illinois at Chicago,Students for a Democratic Society at UIC,Active,Other,https://www.instagram.com/sdsatuic/,,
University of Illinois at Chicago,Asian American Students in Alliance (AASIA),Active,Other,https://www.instagram.com/aasia_atuic/,,
University of Illinois at Chicago,Gamma Phi Omega at UIC,Active,Other,https://www.instagram.com/brillante_swans/,,
University of Illinois at Chicago,Fearless Undocumented Alliance at UIC,Active,Other,https://www.instagram.com/fua.atuic/,,
University of Illinois at Chicago,Eastern European Student Association at UIC,Active,Other,https://www.instagram.com/eesa.at.uic/,,
University of Illinois at Chicago,Self-Defense and Assault Awareness at UIC,Active,Other,https://www.instagram.com/sdaa_uic/,,
University of Illinois at Chicago,Association for Justice in Kashmir at UIC,Active,Other,https://www.instagram.com/ajkatuic/,,
University of Illinois at Chicago,FJP Chicago (UIC),Active,Faculty,https://www.instagram.com/chicagofjp/,,
University of Indianapolis,SJP,Inactive,SJP,https://twitter.com/uindy_sjp,,
University of Indianapolis,UIndyDivest,Inactive,Divest,https://uindydivest.wordpress.com/author/mitichea/,,
University of Kansas,KU Students for Justice in the Middle East (SJME) ,Inactive,SJP,https://www.facebook.com/pg/KUSJME/,,
University of Kansas,Jayhawker Liberation Front,Active,Other,https://www.instagram.com/jlfrontku/,,
University of Kentucky,SJP,Inactive,SJP,https://www.instagram.com/ukysjp/,,
University of Louisville,SJP,Active,SJP,https://www.instagram.com/louisvillesjp/,,
University of Mary Washington,SJP,Active,SJP,https://www.instagram.com/umwsjp/,,
University of Mary Washington,Radical Students’ Union,Active,Other,https://www.instagram.com/rsu.umw/,,
University of Maryland,SJP,Active,SJP,https://www.instagram.com/umd_sjp/,,
University of Maryland,Divest UMD 2019,Inactive,Divest,https://www.facebook.com/DivestUMD2019/,,
University of Maryland,JVP,Active,JVP,https://www.instagram.com/jvp_umd/,,
University of Maryland Baltimore County,SJP,Active,SJP,https://www.instagram.com/umbcsjp/,,
University of Massachusetts Amherst,SJP,Active,SJP,https://www.instagram.com/umass_sjp/,,
University of Massachusetts Amherst,JVP Western Massachusetts,Active,JVP,https://www.facebook.com/JVPWMASS/,https://www.instagram.com/jvpwesternmass/,
University of Massachusetts Amherst,Faculty for Justice in Palestine | UMass Amherst (FJP),Active,Faculty,https://www.instagram.com/fjp_umassamherst/,,
University of Massachusetts Amherst,Faculty for Justice in Palestine | UMass Amherst,Active,Faculty,https://www.instagram.com/fjp_umassamherst/,,
University of Massachusetts Boston,SJP,Active,SJP,https://www.instagram.com/umassbostonsjp/,https://www.facebook.com/umbsjp/,https://www.instagram.com/umbsjp/
University of Massachusetts Boston,Faculty & Staff for Justice in Palestine ,Active,Faculty,https://www.umb.edu/news_events_media/events/free_speech_and_the_palestine_exception_bds_in_the_commonwealth,,
University of Massachusetts Lowell,SJP,Active,SJP,https://www.instagram.com/umlsjp/,,
University of Miami,Canes for Palestine,Active,SJP,https://www.instagram.com/canesforpalestine/,,
University of Michigan,SAFE,Active,SJP,https://www.instagram.com/safeumich/,https://www.facebook.com/SAFEUmich/,
University of Michigan,JVP,Inactive,JVP,https://www.facebook.com/JVPUM/,,
University of Michigan,TAHRIR coalition,Active,Other,https://www.instagram.com/tahrirumich/,,
University of Michigan,Alumni of UMich for Palestine,,Other,https://www.instagram.com/alumniofumich4palestine/,,
University of Michigan - Dearborn,SJP,Active,SJP,https://www.instagram.com/sjpumd/,https://www.facebook.com/sjpumd/,
University of Minnesota Twin Cities,SJP,Active,SJP,https://www.facebook.com/SJP.UMN,https://www.instagram.com/sjpumn/,
University of Minnesota Twin Cities,UMN Divest,Inactive,Divest,https://www.facebook.com/umndivest/,,
University of Minnesota Twin Cities,JVP Twin Cities,Active,JVP,https://www.facebook.com/jvptc/,https://www.instagram.com/jvp_twincities/,
"University of Nebraska, Omaha",SJP,Active,SJP,https://www.facebook.com/groups/SJP.UNOMAHA/,,
University of New Mexico,SJP,Inactive,SJP,https://www.facebook.com/unm.sjp/,,
University of New Mexico,UNM SJP Taglit Birthright Campaign,Inactive,SJP,https://www.facebook.com/sjpumnbirthright,,
University of New Orleans,SJP,Inactive,SJP,https://www.instagram.com/sjp_uno/,https://www.facebook.com/UNOSJP/,
University of North Carolina Chapel Hill,SJP,Active,SJP,https://www.facebook.com/UNCSJP/,https://www.instagram.com/uncsjp/,
University of North Carolina Charlotte,SJP,Inactive,SJP,https://www.facebook.com/UNCC-Students-for-Justice-in-Palestine-333307696847264/,,
University of North Carolina Greensboro,SJP,Inactive,SJP,https://www.instagram.com/uncgsjp/,,
University of North Florida,SJP,Inactive,SJP,https://www.facebook.com/sjpunf/,,
University of North Texas,SJP,Inactive,SJP,https://www.facebook.com/NorthTexasSJP/,,
University of North Texas,Students United For Palestine,Inactive,Other,https://www.instagram.com/unt.sup/,,
University of North Texas,Palestine Solidarity Committee UNT,Active,Other,https://www.instagram.com/psc.unt/,,
University of Notre Dame,Student Voices for Palestine,Active,SJP,https://www.instagram.com/svpnotredame/,,
University of Oklahoma,SJP,Inactive,SJP,https://www.facebook.com/Students-for-Justice-in-Palestine-OU-157899904523/,,
University of Oregon,Students United for Palestinian Equal Rights (SUPER – OU),Inactive,SJP,https://www.facebook.com/superatuo/,,
University of Oregon,SJP,Active,SJP,https://www.instagram.com/sjp.uo/,,
University of Pennsylvania,SJP,Inactive,SJP,https://www.facebook.com/pennstudentsforjusticeinpalestine,,
University of Pennsylvania,Penn Divest from Displacement,Inactive,Divest,https://www.facebook.com/penndivestfromdisplacement/,,
University of Pennsylvania,Penn Law SJP,Active,Other,https://www.facebook.com/PennLawSJP/,https://www.instagram.com/pennlawpalestine/,
University of Pennsylvania,Penn Students Against the Occupation of Palestine,Active,Other,https://www.instagram.com/penn.against.the.occupation/,,
University of Pennsylvania,Freedom School for Palestine,Active,Other,https://www.instagram.com/freedomschoolpalestine/,,
University of Pennsylvania,Penn Alumni for Palestine,Active,Other,https://www.instagram.com/pennalumniforpalestine/,,
University of Pennsylvania,Penn Alumni for Palestine,Active,Other,https://www.instagram.com/pennalumniforpalestine/,,
University of Pennsylvania,SP2 Students for Liberation,Active,SJP,https://www.instagram.com/sp2forliberation/,,
University of Pittsburgh,SJP,Inactive,SJP,https://www.instagram.com/sjp_pitt/,https://www.facebook.com/sjppitt/,
University of Richmond,SJP,Active,SJP,https://www.instagram.com/ur_sjp/,,
University of Rochester,Students for a Democratic Society,Active,Other,https://www.facebook.com/URSDS/,,
University of Rochester,Student Association for the Development of Arab Cultural Awareness (SADACA),Active,Other,https://www.instagram.com/ursadaca/,https://www.facebook.com/URSADACA/,
University of Rochester,JVP,Active,JVP,https://www.instagram.com/jvp.ur/,,
University of Rochester,SJP,Active,SJP,https://www.instagram.com/sjp.ur/,,
University of Rochester,Free the People Rochester,Active,Other,https://www.instagram.com/ftp_roc/,,
University of Rochester,University of Rochester Alumni for Palestine,Active,Other,https://www.instagram.com/uralumsforpalestine/,,
University of San Diego,SJP/Palestine Solidarity Committee,Active,SJP,https://www.instagram.com/pscusd/,https://www.facebook.com/groups/8214084690/about/,
University of San Francisco,YDSA,Active,Other,https://www.instagram.com/ydsa_usfca/,,
University of South Carolina,SJP,Active,SJP,https://www.instagram.com/uofsc_sjp/,https://www.facebook.com/UofSCSJP/,
University of South Florida,SJP,Active,SJP,https://www.instagram.com/sjp_usf/,https://www.facebook.com/sjpusf/,
University of South Florida,Students for Socialism USF,Active,Other,https://www.instagram.com/studentsforsocialismusf/,,
University of Southern California,SJP,Active,SJP,https://www.facebook.com/USCSJP/,https://twitter.com/usc_sjp,
University of Southern California,The Trojan Anti-Zionist Jewish Collective,Inactive,Other,https://www.facebook.com/trojanazjc,,
University of Southern California,Trojans for Palestine,Active,Other,https://www.instagram.com/trojansforpalestine/,,
"University of Tennessee, Knoxville",SJP,Inactive,SJP,https://www.facebook.com/sjputk/,,
University of Texas Arlington,SJP,Inactive,SJP,https://www.facebook.com/SJPATUTA/,,
University of Texas Arlington,Students for a Democratic Society,Inactive,Other,https://www.facebook.com/SDSatUTA/,,
University of Texas Arlington,SJP,Active,SJP,https://www.instagram.com/sjputa_/,,
University of Texas Austin,Palestine Solidarity Committee,Active,SJP,https://www.facebook.com/pscatx/,https://www.instagram.com/psc_atx/,
University of Texas Austin,If Not Now UT Austin,Inactive,Other,https://www.facebook.com/INNatUTAustin/,,
University of Texas Austin,Grits Conference,Inactive,Other,https://www.instagram.com/p/CZuzxATFto7/,,
University of Texas Dallas,SJP,Active,SJP,https://www.instagram.com/sjputd/,,
University of Texas Dallas,UT Divest,Active,Divest,https://www.instagram.com/utd_divest/,,
University of Texas San Antonio,SJP,Active,SJP,https://www.instagram.com/sjputsa/,,
University of Texas San Antonio,Palestine Solidarity Committee,Active,SJP,https://www.instagram.com/utsapsc,,
University of Toledo,SJP,Active,SJP,https://www.instagram.com/toledosjp/,,
University of Toledo,UT Divest,Inactive,Divest,https://www.facebook.com/UTDivest/,,
University of Utah,SJP,Inactive,SJP,https://www.facebook.com/SJPatUofU/,,
University of Vermont,UVM Socialists,Inactive,Other,https://www.facebook.com/UvmSocialists/,,
University of Vermont,SJP at UVM,Inactive,SJP,https://www.facebook.com/uvmsjp/,,
University of Vermont,Share Your Story UVM,Active,Other,https://www.instagram.com/shareyourstoryuvm/,https://www.instagram.com/stories/highlights/17881527287207535/,
University of Vermont,UVM Revolutionary Socialist Union (RSU) Book Club,Active,Other,https://www.instagram.com/uvm_rsu/,,
University of Vermont,Vermonters for Justice in Palestine (off-campus group),Active,Other,https://www.instagram.com/vtforpalestine/,,
University of Vermont,Students for Peace and Justice in Palestine,Active,SJP,https://www.instagram.com/spjp_vt/,,
University of Virginia,Students for Peace and Justice in Palestine ,Inactive,SJP,https://www.facebook.com/spjpatuva/,,
University of Virginia,SJP,Active,SJP,https://www.instagram.com/sjpuva/,,
University of Virginia,UVA Dissenters,Active,Other,https://www.instagram.com/uvadissenters/,,
University of Virginia,Decolonize UVA,Active,Other,https://www.instagram.com/decolonize_uva/,,
University of Virginia,National Lawyers Guild at UVA Law,Active,Other,https://www.instagram.com/nlgatuvalaw/,,
University of Washington,SUPER,Active,SJP,https://www.facebook.com/SuperUw/,https://www.instagram.com/super_uw/,
University of Washington,UW United Front for Palestinian Liberation,Active,SJP,https://www.instagram.com/unitedfront_uw/,,
"University of Wisconsin, Madison",SJP,Active,SJP,https://www.facebook.com/SJPatUW/,https://www.instagram.com/sjpuwmadison/,
"University of Wisconsin, Milwaukee",SJP,Active,SJP,https://www.instagram.com/sjpmilwaukee/,,
"University of Wisconsin, Milwaukee",Students for a Democratic Society,Active,Other,https://www.instagram.com/sds_uwm/,,
Vanderbilt University,Students in Solidarity with Palestine,Inactive,SJP,https://www.facebook.com/VanderbiltSJP/,,
Vanderbilt University,SJP (Formerly Dores in Solidarity with Palestine),Active,SJP,https://www.instagram.com/dspvanderbilt/,,
Vanderbilt University,Vanderbilt Alumni for Palestine,Active,Other,https://www.instagram.com/vandyalumniforpalestine/,,
Vassar College,SJP,Active,SJP,https://www.facebook.com/VassarSJP/,https://www.instagram.com/vassarsjp/,
Vassar College,BDS Coalition,Inactive,Divest,https://vsa.vassar.edu/orgs/vassarsjp/2016/02/01/vassar-boycott-divestment-sanctions-bds-resolution/,,
Vassar College,JVP,Inactive,JVP,https://www.facebook.com/jvpvassar,,
Vassar College,Vassar Alumni 4 Palestine,Active,Other,https://www.instagram.com/vassaralumni4palestine/,,
Vermont Law School,Law SJP,Inactive,SJP,none,,
Virginia Commonwealth University,SJP,Active,SJP,https://www.instagram.com/sjpvcu/,,
Virginia Polytechnic Institute,Students for Peace and Justice in Palestine,Active,SJP,https://www.instagram.com/spjp_vt/,https://www.facebook.com/VTSPJP,
Wake Forest University,Palestine Rights Solidarity Coalition,Inactive,Other,https://www.facebook.com/palestinerightssolidaritycoalition/,,
Washington University St. Louis,SJP,Inactive,SJP,https://www.facebook.com/washuforpalestine/,,
Washington University St. Louis,Students Against Israeli Apartheid,Inactive,SJP,https://www.facebook.com/wusaia/,,
Washington University St. Louis,Black and Palestinian Liberation,Inactive,Other,https://www.instagram.com/washubpl/,,
Washington University St. Louis,We Are Dissenters,Active,Other,https://www.instagram.com/wearedissenters/,,
Washington University St. Louis,Resist WashU,Active,Other,https://www.instagram.com/resist.washu/,,
Wayne State University,SJP,Active,SJP,https://www.facebook.com/sjpwsu/,https://www.instagram.com/sjpwsu/,
Wayne State University,MENASA Wayne State Senate - WSU Middle East/North African/South Asia Student Senate Initiative,Active,Other,https://www.instagram.com/menasa_wsusenate/,,
Wellesley College,SJP,Active,SJP,https://www.instagram.com/wellesley_sjp/,https://www.facebook.com/wellesleysjp/,https://www.instagram.com/wellesley.sjp/
Wellesley College,JVP,Inactive,JVP,https://www.facebook.com/wellesleyjewishvoiceforpeace/,,
Wesleyan University,SJP,Active,SJP,https://www.instagram.com/wesleyansjp/,https://www.facebook.com/wesleyansjp,
Wesleyan University,Wes Divest!,Inactive,Divest,https://www.facebook.com/WesDivest,,
Wesleyan University,Wesleyan JVP,Inactive,JVP,https://www.facebook.com/wesjvp/,,
Wesleyan University,Wesleyan JVP,Active,JVP,https://www.instagram.com/wesleyanjvp/,,
West Virginia University,SJP,Inactive,SJP,https://www.facebook.com/sjpwvu/,,
Western Michigan University,West Michigan Justice for Palestine,Inactive,SJP,https://webauth.wmich.edu/login?service=https%3A%2F%2Fidp.wmich.edu%2Fidp%2FAuthn%2FExtCas%3Fconversation%3De2s1%26entityId%3Dhttps%3A%2F%2Ffederation.campuslabs.com%2Fshibboleth,,
Western Washington University,SUPER,Active,Other,https://www.instagram.com/wwusuper/,https://www.facebook.com/wwusuper48/,
Western Washington University,Arab Student Association of Western Washington University,Active,Other,https://www.instagram.com/wwuasa/,,
Whitman College,SJP,Active,SJP,https://www.instagram.com/whitman_sjp/,,
Whitman College,Student Action Coalition,Active,Other,https://www.instagram.com/sac.whitman/,,
Whittier College,SJP,Inactive,SJP,https://www.facebook.com/sjp.whittier/,,
Willamette University,SJP,Inactive,SJP,https://www.facebook.com/WU.SJP/,,
William Paterson University,SJP,Active,SJP,https://www.instagram.com/wpunj_sjp/,,
Williams College,SJP,Active,SJP,https://www.instagram.com/williams_sjp/,,
Yale University,SJP,Inactive,SJP,https://www.facebook.com/YALESJP,,
Yale University,Black Student Alliance,Active,Other,https://www.instagram.com/bsayale/,https://www.facebook.com/blackstudentallianceatyale/,
Yale University,Yalies4Palestine,Active,SJP,https://www.instagram.com/yalies4palestine/,,
Yale University,Yale Jews for Ceasefire (Uses demonizing term Apartheid),Active,JVP,https://www.instagram.com/p/CzsNFN0sVUr/,,
Yale University,https://www.instagram.com/yalelsjp/,Active,SJP,https://www.instagram.com/yalelsjp/,,
Yale University,Yale Palestine Actions,Active,SJP,https://www.instagram.com/yalepalestineactions/,,
Youngstown State University,SJP,Active,SJP,https://www.instagram.com/sjpysu/,,
