University Name,University Address,University Address : Street 1,University Address : Street 2,University Address : City,University Address : State,University Address : Zip,University Address : Country,University Address : Latitude,University Address : Longitude,University Number,Geographical Region,State
Adler University,"17 North Dearborn St. Chicago, IL 60602",17 North Dearborn St.,,Chicago,IL,60602,,41.88461,-87.629325,402,Midwest,Illinois
Alabama A&M University,"4900 Meridian St N Huntsville, AL 35811",4900 Meridian St N,,Huntsville,AL,35811,,34.783789,-86.572355,592,South,Alabama
Albion College,"611 E Porter St. Albion, MI 49224",611 E Porter St.,,Albion,MI,49224,,42.24392,-84.74582,1,Midwest,Michigan
Allan Hancock College,"800 S College Dr, Santa Maria, CA 93454","800 S College Dr,",,Santa Maria,CA,93454,,34.94382,-120.42144,516,West,California
Allegheny College,"520 N Main St Meadville, PA 16335",520 N Main St,,Meadville,PA,16335,,41.64797,-80.14624,593,Northeast,Pennsylvania
American Jewish University,"15600 Mulholland Dr. Los Angeles, CA 90077",15600 Mulholland Dr.,,Los Angeles,CA,90077,,34.12891,-118.4707,508,West,California
American River College,"4700 College Oak Dr Sacramento, CA 95841",4700 College Oak Dr,,Sacramento,CA,95841,,38.64935,-121.34829,685,West,California
American University,"4400 Massachusetts Ave NW Washington, DC 20016",4400 Massachusetts Ave NW,,Washington,DC,20016,,38.93624,-77.08622,2,South,"Washington, D.C."
Amherst College,"220 South Pleasant Street Amherst, MA 1002",220 South Pleasant Street,,Amherst,MA,1002,,42.370233,-72.519705,403,Northeast,Massachusetts
Anne Arundel Community College,"101 College Pkwy Arnold, MD 21012",101 College Pkwy,,Arnold,MD,21012,,39.054215,-76.515801,3,South,Maryland
Antioch University Seattle,"2400 3rd Ave #200 Seattle, WA 98121",2400 3rd Ave #200,,Seattle,WA,98121,,47.61582,-122.34615,362,West,Washington
Appalachian State University,"287 Rivers St, Boone, NC 28608","287 Rivers St,",,Boone,NC,28608,,36.211159,-81.677439,4,South,North Carolina
Arizona State University,"1151 S. Forest Ave Tempe, AZ 85281",1151 S. Forest Ave,,Tempe,AZ,85281,,33.416801,-111.936444,5,West,Arizona
Arkansas Tech University,"215 W O St. Russellville, AR 72801",215 W O St.,,Russellville,AR,72801,,35.29368,-93.13594,499,South,Arkansas
Atlanta University Center Consortium,"156 Mildred St SW Atlanta, GA 30314",156 Mildred St SW,,Atlanta,GA,30314,,33.750246,-84.411778,363,South,Georgia
Auburn University,"182 S College St Auburn, AL 36849",182 S College St,,Auburn,AL,36849,,32.604459,-85.481885,6,South,Alabama
Augsburg University,"2211 Riverside Ave Minneapolis, MN 55454",2211 Riverside Ave,,Minneapolis,MN,55454,,44.96746,-93.24115,7,Midwest,Minnesota
Augustana College,"639 38th St Rock Island, IL 61201",639 38th St,,Rock Island,IL,61201,,41.50513,-90.54723,364,Midwest,Illinois
Avila University,"11901 Wornall Rd Kansas City, MO 64145",11901 Wornall Rd,,Kansas City,MO,64145,,38.91229,-94.59172,8,Midwest,Missouri
Babson College,"231 Forest St Babson Park, MA 02457",231 Forest St,,Babson Park,MA,02457,,42.392353,-71.220827,501,Northeast,Massachusetts
Ball State University,"2000 W University Avenue Muncie, IN 47306",2000 W University Avenue,,Muncie,IN,47306,,40.19729,-85.40887,776,Midwest,Indiana
Bard College,"30 Campus Rd, Annandale-On-Hudson, NY 12504","30 Campus Rd,",,Annandale-On-Hudson,NY,12504,,42.019177,-73.907095,9,Northeast,New York
Barry University,"11300 NE 2nd Ave Miami Shores, FL 33161",11300 NE 2nd Ave,,Miami Shores,FL,33161,,25.87884,-80.19614,594,South,Florida
Bates College,"2 Andrews Rd Lewiston, ME 4240",2 Andrews Rd,,Lewiston,ME,4240,,44.106101,-70.20357,10,Northeast,Maine
Baylor University,"1301 S University Parks Dr Waco, TX 76706",1301 S University Parks Dr,,Waco,TX,76706,,31.550983,-97.115177,365,South,Texas
Becker College,"61 Sever St Worcester, MA 01609",61 Sever St,,Worcester,MA,01609,,42.26902,-71.81191,537,Northeast,Massachusetts
Bellevue College,"3000 Landerholm Cir SE Bellevue, WA 98007",3000 Landerholm Cir SE,,Bellevue,WA,98007,,47.58488,-122.14872,11,West,Washington
Belmont University,"1900 Belmont Nashville, TN 37212",1900 Belmont,,Nashville,TN,37212,,36.13396,-86.79528,777,South,Tennessee
Beloit College,"700 College St Beloit, WI 53511",700 College St,,Beloit,WI,53511,,42.50311,-89.029595,12,Midwest,Wisconsin
Benedictine University,"5700 College Rd Lisle, IL 60532",5700 College Rd,,Lisle,IL,60532,,41.78002,-88.09337,13,Midwest,Illinois
Bentley University,"175 Forest St Waltham, MA 2452",175 Forest St,,Waltham,MA,2452,,42.390633,-71.222323,14,Northeast,Massachusetts
Berklee College of Music,"1140 Boylston Street Boston Boston, MA 02215",1140 Boylston Street Boston,,Boston,MA,02215,,42.34664,-71.08954,677,Northeast,Massachusetts
Biola University,"13800 Biola Ave La Mirada, CA 90639",13800 Biola Ave,,La Mirada,CA,90639,,33.90344,-118.01656,16,West,California
Blue Ridge Community College,"180 W. Campus Dr Flat Rock, NC 28731",,180 W. Campus Dr,Flat Rock,NC,28731,,35.30799,-82.42565,579,South,North Carolina
Boise State University,"1910 W University Dr Boise, ID 83725",1910 W University Dr,,Boise,ID,83725,,43.603125,-116.204707,17,West,Idaho
Boston College,"140 Commonwealth Avenue Chestnut Hill, MA 2467",140 Commonwealth Avenue,,Chestnut Hill,MA,2467,,42.3351,-71.17025,18,Northeast,Massachusetts
Boston Graduate School of Psychoanalysis,"1581 Beacon St Brookline, MA 2446",1581 Beacon St,,Brookline,MA,2446,,42.33916,-71.13312,404,Northeast,Massachusetts
Boston University,"233 Bay State Rd Boston, MA 2215",233 Bay State Rd,,Boston,MA,2215,,42.35092,-71.10395,19,Northeast,Massachusetts
Bowdoin College,"255 Maine St Brunswick, ME 4011",255 Maine St,,Brunswick,ME,4011,,43.906685,-69.96517,20,Northeast,Maine
Bowling Green State University,"441 Woodland Circle Bowling Green, OH 43403",441 Woodland Circle,,Bowling Green,OH,43403,,41.3793,-83.60679,595,Midwest,Ohio
Bradley University,"1501 W Bradley Ave Peoria, IL 61625",1501 W Bradley Ave,,Peoria,IL,61625,,40.69651,-89.61607,21,Midwest,Illinois
Brandeis University,"415 South St Waltham, MA 2453",415 South St,,Waltham,MA,2453,,42.3648,-71.25795,22,Northeast,Massachusetts
Brookhaven College,"3939 Valley View Ln Farmers Branch, TX 75244",3939 Valley View Ln,,Farmers Branch,TX,75244,,32.92552,-96.84953,517,South,Texas
Brown University,"69 Brown Street Providence, RI 2912",69 Brown Street,,Providence,RI,2912,,41.827622,-71.402932,23,Northeast,Rhode Island
Bryn Mawr College,"101 N Merion Ave Bryn Mawr, PA 19010",101 N Merion Ave,,Bryn Mawr,PA,19010,,40.024745,-75.318695,24,Northeast,Pennsylvania
Bucknell University,"701 Moore Ave Lewisburg, PA 17837",701 Moore Ave,,Lewisburg,PA,17837,,40.95654,-76.88449,25,Northeast,Pennsylvania
Buena Vista University,"610 W 4th St Storm Lake, IA 50588",610 W 4th St,,Storm Lake,IA,50588,,42.642366,-95.208033,26,Midwest,Iowa
Butler University,"4600 Sunset Ave Indianapolis, IN 46208",4600 Sunset Ave,,Indianapolis,IN,46208,,39.84135,-86.16918,405,Midwest,Indiana
California College of the Arts,"5212 Broadway Oakland, CA 94618",5212 Broadway,,Oakland,CA,94618,,37.83599,-122.25125,596,West,California
California Community Colleges System,"1102 Q St Sacramento, CA 95811",1102 Q St,,Sacramento,CA,95811,,38.571811,-121.494432,27,West,California
California Institute of Integral Studies,"1453 Mission St San Francisco, CA 94103",1453 Mission St,,San Francisco,CA,94103,,37.77458,-122.41618,602,West,California
California Lutheran University,"60 W Olsen Rd Thousand Oaks, CA 91360",60 W Olsen Rd,,Thousand Oaks,CA,91360,,34.22252,-118.8819,603,West,California
California Lutheran University,"60 W Olsen Rd Thousand Oaks, CA 91360",60 W Olsen Rd,,Thousand Oaks,CA,91360,,34.22252,-118.8819,604,West,California
"California Polytechnic State University, SLO","1 Grand Avenue San Luis Obispo, CA 93407",1 Grand Avenue,,San Luis Obispo,CA,93407,,35.296354,-120.652929,28,West,California
"California State Polytechnic University, Humboldt","1 Harpst St Arcata, CA 95521",1 Harpst St,,Arcata,CA,95521,,40.87399,-124.08153,757,West,California
Cal Poly Pomona,"3801 W Temple Ave Pomona, CA 91768",3801 W Temple Ave,,Pomona,CA,91768,,34.05041,-117.81655,414,West,California
Calvin College,"3201 Burton St SE Grand Rapids, MI 49546",3201 Burton St SE,,Grand Rapids,MI,49546,,42.927065,-85.58928,29,Midwest,Michigan
Capital University,"E Main St & College Ave Bexley, OH 43209",E Main St & College Ave,,Bexley,OH,43209,,39.95724,-82.93999,335,Midwest,Ohio
Carleton College,"1 North College Street Northfield, MN 55057",1 North College Street,,Northfield,MN,55057,,44.459466,-93.155355,368,Midwest,Minnesota
Carnegie Mellon University,"5000 Forbes Avenue Pittsburgh, PA 15213",5000 Forbes Avenue,,Pittsburgh,PA,15213,,40.44451,-79.94321,30,Northeast,Pennsylvania
Carthage College,"2001 Alford Park Dr Kenosha, WI 53140",2001 Alford Park Dr,,Kenosha,WI,53140,,42.62339,-87.8243,605,Midwest,Wisconsin
Case Western Reserve University,"10900 Euclid Avenue Cleveland, OH 44106",10900 Euclid Avenue,,Cleveland,OH,44106,,41.5059,-81.60905,31,Midwest,Ohio
Castleton University,"62 Alumni Drive Castleton, VT 05735",62 Alumni Drive,,Castleton,VT,05735,,43.60924,-73.17797,480,Northeast,Vermont
Central Connecticut State University,"1615 Stanley Street New Britain, CT 6051",1615 Stanley Street,,New Britain,CT,6051,,41.653067,-72.769287,369,Northeast,Connecticut
Central Michigan University,"1200 South Franklin Street Mount Pleasant, MI 48859",1200 South Franklin Street,,Mount Pleasant,MI,48859,,43.591548,-84.774195,32,Midwest,Michigan
Central Washington University,"400 E University Way Ellensburg, WA 98926",400 E University Way,,Ellensburg,WA,98926,,46.99962,-120.54311,606,West,Washington
Champlain College,"163 S Willard St Burlington, VT 05401",163 S Willard St,,Burlington,VT,05401,,44.47556,-73.20573,765,Northeast,Vermont
Chapman University,"1 University Drive Orange, CA 92866",1 University Drive,,Orange,CA,92866,,33.79346,-117.85214,33,West,California
Citrus College,"1000 W Foothill Blvd Glendora, CA 91741",1000 W Foothill Blvd,,Glendora,CA,91741,,34.13422,-117.88686,530,West,California
Claremont Colleges - Claremont McKenna,"888 North Columbia Avenue Claremont, CA 91711",888 North Columbia Avenue,,Claremont,CA,91711,,34.102431,-117.711307,37,West,California
Claremont Colleges - Pitzer,"1050 North Mills Avenue Claremont, CA 91711",1050 North Mills Avenue,,Claremont,CA,91711,,34.10424,-117.70492,38,West,California
Claremont Colleges - Pomona,"333 North College Way Claremont, CA 91711",333 North College Way,,Claremont,CA,91711,,34.09681,-117.71282,39,West,California
Claremont Colleges - Scripps,"1030 North Columbia Avenue Claremont, CA 91711",1030 North Columbia Avenue,,Claremont,CA,91711,,34.10489,-117.71236,40,West,California
Claremont Colleges - System,"3962, 747 N Dartmouth Ave Claremont, CA 91711","3962, 747 N Dartmouth Ave",,Claremont,CA,91711,,34.1014,-117.71385,41,West,California
Clark College,"1933 Fort Vancouver Way Vancouver, WA 98663",1933 Fort Vancouver Way,,Vancouver,WA,98663,,45.63433,-122.65257,42,West,Washington
Clark University,"950 Main Street Worcester, MA 1610",950 Main Street,,Worcester,MA,1610,,42.25107,-71.82349,43,Northeast,Massachusetts
Clemson University,"230 Kappa Street Clemson, SC 29634",230 Kappa Street,,Clemson,SC,29634,,34.67504,-82.83688,418,South,South Carolina
Cleveland State University,"2121 Euclid Avenue Cleveland, OH 44115",2121 Euclid Avenue,,Cleveland,OH,44115,,41.5022,-81.67532,44,Midwest,Ohio
Clovis Community College,"10309 N. Willow Ave Fresno, CA 93730",10309 N. Willow Ave,,Fresno,CA,93730,,36.88497,-119.73015,510,West,California
Colby College,"4000 Mayflower Hill Dr Waterville, ME 04901",4000 Mayflower Hill Dr,,Waterville,ME,04901,,44.559897,-69.659659,523,Northeast,Maine
Colgate University,"13 Oak Drive Hamilton, NY 13346",13 Oak Drive,,Hamilton,NY,13346,,42.81967,-75.53585,419,Northeast,New York
College of Charleston,"66 George St Charleston, SC 29424",66 George St,,Charleston,SC,29424,,32.78372,-79.93725,544,South,South Carolina
College of DuPage,"425 Fawell Blvd. Glen Ellyn, IL 60137",425 Fawell Blvd.,,Glen Ellyn,IL,60137,,41.84264,-88.06624,759,Midwest,Illinois
College of Lake County,"19351 West Washington Street Grayslake, IL 60030",19351 West Washington Street,,Grayslake,IL,60030,,42.35864,-88.01054,45,Midwest,Illinois
College of New Jersey,"2000 Pennington Road Ewing Township, NJ 8628",2000 Pennington Road,,Ewing Township,NJ,8628,,40.27092,-74.783,420,Northeast,New Jersey
College of San Mateo,"1700 W Hillsdale Blvd San Mateo, CA 94402",1700 W Hillsdale Blvd,,San Mateo,CA,94402,,37.53192,-122.33525,755,West,California
College of Southern Nevada,"3200 East Cheyenne Ave. North Las Vegas, NV 89030",3200 East Cheyenne Ave.,,North Las Vegas,NV,89030,,36.21956,-115.10542,754,West,Nevada
College of the Holy Cross,"1 College Street Worcester, MA 1610",1 College Street,,Worcester,MA,1610,,42.23969,-71.81258,46,Northeast,Massachusetts
College of William and Mary,"200 Stadium Drive Williamsburg, VA 23186",200 Stadium Drive,,Williamsburg,VA,23186,,37.271811,-76.713335,47,South,Virginia
Colorado College,"14 East Cache La Poudre Street Colorado Springs, CO 80903",14 East Cache La Poudre Street,,Colorado Springs,CO,80903,,38.84672,-104.82429,421,West,Colorado
Colorado School of Mines,"1869 West Campus Road Golden, CO 80401",1869 West Campus Road,,Golden,CO,80401,,39.74733,-105.22278,422,West,Colorado
Colorado State University,"711 Oval Drive Fort Collins, CO 80523",711 Oval Drive,,Fort Collins,CO,80523,,40.57766,-105.08177,48,West,Colorado
Columbia College Chicago,"600 South Michigan Avenue Chicago, IL 60605",600 South Michigan Avenue,,Chicago,IL,60605,,41.874423,-87.624365,49,Midwest,Illinois
Columbia University/Barnard College,"116th St & Broadway New York, NY 10027",116th St & Broadway,,New York,NY,10027,,40.707094,-74.012032,50,Northeast,New York
Columbus State Community College,"550 E Spring St. Columbus, OH 43215",550 E Spring St.,,Columbus,OH,43215,,39.96919,-82.98718,506,Midwest,Ohio
Columbus State University ,"4225 University Ave Columbus, GA 31907",4225 University Ave,,Columbus,GA,31907,,32.5043,-84.93839,607,South,Georgia
Community College of Philadelphia,"1700 Spring Garden Street Philadelphia, PA 19130",1700 Spring Garden Street,,Philadelphia,PA,19130,,39.96205,-75.16727,370,Northeast,Pennsylvania
Community College of Rhode Island,"400 East Ave Warwick, RI 02886",400 East Ave,,Warwick,RI,02886,,41.71657,-71.47785,495,Northeast,Rhode Island
Connecticut College,"270 Mohegan Avenue Parkway New London, CT 6320",270 Mohegan Avenue Parkway,,New London,CT,6320,,41.37848,-72.10378,51,Northeast,Connecticut
Cooper Union,"30 Cooper Sq New York, NY 10003",30 Cooper Sq,,New York,NY,10003,,40.72813,-73.99162,608,Northeast,New York
Cornell University,"349 Pine Tree Road Ithaca, NY 14850",349 Pine Tree Road,,Ithaca,NY,14850,,42.43787,-76.46326,52,Northeast,New York
County College of Morris,"214 Center Grove Rd Randolph, NJ 07869",214 Center Grove Rd,,Randolph,NJ,07869,,40.85769,-74.58059,542,Northeast,New Jersey
Creighton University,"2500 California Plaza Omaha, NE 68178",2500 California Plaza,,Omaha,NE,68178,,41.26533,-95.94935,423,Midwest,Nebraska
CSU Channel Islands,"1 University Drive Camarillo, CA 93012",1 University Drive,,Camarillo,CA,93012,,34.16538,-119.04488,408,West,California
CSU Chico,"400 West 1st Street Chico, CA 95928",400 West 1st Street,,Chico,CA,95928,,39.72973,-121.84478,53,West,California
CSU Dominguez Hills,"1000 E. Victoria St. Carson, CA 90747",1000 E. Victoria St.,,Carson,CA,90747,,33.8671,-118.25743,567,West,California
CSU East Bay,"25800 Carlos Bee Boulevard Hayward, CA 94542",25800 Carlos Bee Boulevard,,Hayward,CA,94542,,37.65897,-122.0621,406,West,California
CSU Fresno,"5241 North Maple Avenue Fresno, CA 93740",5241 North Maple Avenue,,Fresno,CA,93740,,36.81057,-119.74507,409,West,California
CSU Fullerton,"800 North State College Boulevard Fullerton, CA 92831",800 North State College Boulevard,,Fullerton,CA,92831,,33.87994,-117.88542,54,West,California
CSU Long Beach,"1250 North Bellflower Boulevard Long Beach, CA 90815",1250 North Bellflower Boulevard,,Long Beach,CA,90815,,33.782236,-118.122275,55,West,California
CSU Los Angeles,"5151 State University Drive Los Angeles, CA 90032",5151 State University Drive,,Los Angeles,CA,90032,,34.06245,-118.17164,407,West,California
CSU Monterey Bay,"100 Campus Center Seaside, CA 93955",100 Campus Center,,Seaside,CA,93955,,36.65297,-121.79551,410,West,California
CSU Northridge,"18111 Nordhoff Street Northridge, CA 91330",18111 Nordhoff Street,,Northridge,CA,91330,,34.235635,-118.528493,56,West,California
CSU Sacramento,"6000 J Street Sacramento, CA 95819",6000 J Street,,Sacramento,CA,95819,,38.56124,-121.42446,366,West,California
CSU San Bernadino,"5500 University Parkway San Bernardino, CA 92407",5500 University Parkway,,San Bernardino,CA,92407,,34.17923,-117.32666,411,West,California
CSU San Marcos,"333 South Twin Oaks Valley Road San Marcos, CA 92078",333 South Twin Oaks Valley Road,,San Marcos,CA,92078,,33.127474,-117.165052,367,West,California
CSU Sonoma,"1801 East Cotati Avenue Rohnert Park, CA 94928",1801 East Cotati Avenue,,Rohnert Park,CA,94928,,38.33966,-122.67358,412,West,California
CSU Stanislaus,"1 University Cir Turlock, CA 95382",1 University Cir,,Turlock,CA,95382,,37.52259,-120.85754,597,West,California
CSU System,"915 L Street #1160 Sacramento, CA 95814",915 L Street #1160,,Sacramento,CA,95814,,38.57862,-121.49502,413,West,California
CUNY Baruch College,"55 Lexington Ave New York, NY 10010",55 Lexington Ave,,New York,NY,10010,,40.74043,-73.98391,415,Northeast,New York
CUNY Borough of Manhattan Community College,"199 Chambers St New York, NY 10007",199 Chambers St,,New York,NY,10007,,40.71661,-74.01129,576,Northeast,New York
CUNY Bronx Community College,"2155 University Avenue Bronx, NY 10453",2155 University Avenue,,Bronx,NY,10453,,40.857193,-73.909854,416,Northeast,New York
CUNY Brooklyn College,"2900 Bedford Avenue Brooklyn, NY 11210",2900 Bedford Avenue,,Brooklyn,NY,11210,,40.63165,-73.95287,57,Northeast,New York
CUNY City College,"160 Convent Avenue New York, NY 10031",160 Convent Avenue,,New York,NY,10031,,40.81941,-73.95017,58,Northeast,New York
CUNY College of Staten Island,"2800 Victory Boulevard Staten Island, NY 10314",2800 Victory Boulevard,,Staten Island,NY,10314,,40.60863,-74.15377,59,Northeast,New York
CUNY Craig Newmark Graduate School of Journalism,"219 W 40th St New York, NY 10018",219 W 40th St,,New York,NY,10018,,40.75534,-73.98902,610,Northeast,New York
CUNY Guttman Community College,"50 W 40th St New York, NY 10018",50 W 40th St,,New York,NY,10018,,40.75296,-73.98397,599,Northeast,New York
CUNY Hostos Community College,"500 Grand Concourse Bronx, NY 10451",500 Grand Concourse,,Bronx,NY,10451,,40.8179,-73.92688,598,Northeast,New York
CUNY Hunter College,"695 Park Avenue New York, NY 10065",695 Park Avenue,,New York,NY,10065,,40.76874,-73.96518,60,Northeast,New York
CUNY John Jay College,"524 West 59th Street New York, NY 10019",524 West 59th Street,,New York,NY,10019,,40.76555,-73.97665,61,Northeast,New York
CUNY Kingsborough Community College,"2001 Oriental Boulevard Brooklyn, NY 11235",2001 Oriental Boulevard,,Brooklyn,NY,11235,,40.578625,-73.93469,62,Northeast,New York
CUNY LaGuardia Community College,"31-10 Thomson Ave Queens, NY 11101",31-10 Thomson Ave,,Queens,NY,11101,,40.74394,-73.93515,600,Northeast,New York
CUNY Lehman College,"250 Bedford Park Boulevard West Bronx, NY 10468",250 Bedford Park Boulevard West,,Bronx,NY,10468,,40.875282,-73.893734,417,Northeast,New York
CUNY Medgar Evers College,"1650 Bedford Avenue Brooklyn, NY 11225",1650 Bedford Avenue,,Brooklyn,NY,11225,,40.66609,-73.95699,63,Northeast,New York
CUNY New York City College of Technology (City Tech),"300 Jay St Brooklyn, NY 11201",300 Jay St,,Brooklyn,NY,11201,,40.69551,-73.98737,577,Northeast,New York
CUNY Queensborough Community College,"222-05 56th Ave Queens, NY 11364",222-05 56th Ave,,Queens,NY,11364,,40.7535,-73.758309,611,Northeast,New York
CUNY Queens College,"65-30 Kissena Boulevard Flushing, NY 11367",65-30 Kissena Boulevard,,Flushing,NY,11367,,40.736143,-73.814925,336,Northeast,New York
CUNY School of Labor and Urban Studies,"25 W 43rd St 19th floor New York, NY 10036",25 W 43rd St 19th floor,,New York,NY,10036,,40.75482,-73.98173,612,Northeast,New York
CUNY School of Law,"2 Court Square West Long Island City, NY 11101",2 Court Square West,,Long Island City,NY,11101,,40.7467,-73.94369,64,Northeast,New York
CUNY School of Professional Studies,"119 W 31st St New York, NY 10001",119 W 31st St,,New York,NY,10001,,40.74836,-73.99003,613,Northeast,New York
CUNY System,"1150 Carroll Street Brooklyn, NY 11225",1150 Carroll Street,,Brooklyn,NY,11225,,40.66714,-73.95183,65,Northeast,New York
CUNY The Graduate Center,"365 5th Avenue New York, NY 10016",365 5th Avenue,,New York,NY,10016,,40.74872,-73.98413,66,Northeast,New York
CUNY York College,"94-20 Guy R Brewer Blvd Jamaica, NY 11451",94-20 Guy R Brewer Blvd,,Jamaica,NY,11451,,40.702123,-73.795464,580,Northeast,New York
Curry College,"1071 Blue Hill Avenue Milton, MA 2186",1071 Blue Hill Avenue,,Milton,MA,2186,,42.23473,-71.11356,67,Northeast,Massachusetts
Dartmouth College,"6016 McNutt Hall Hanover, NH 3755",6016 McNutt Hall,,Hanover,NH,3755,,43.71211,-72.26843,68,Northeast,New Hampshire
Davidson College,"405 N Main Street Davidson, NC 28035",405 N Main Street,,Davidson,NC,28035,,35.50224,-80.84752,482,South,North Carolina
De Anza College,"21250 Stevens Creek Boulevard Cupertino, CA 95014",21250 Stevens Creek Boulevard,,Cupertino,CA,95014,,37.31926,-122.04461,69,West,California
Delaware Valley College,"700 E Butler Ave. Doylestown, PA 18901",700 E Butler Ave.,,Doylestown,PA,18901,,40.29807,-75.1613,70,Northeast,Pennsylvania
Denison University,"100 West College Street Granville, OH 43023",100 West College Street,,Granville,OH,43023,,40.06933,-82.52009,424,Midwest,Ohio
DePaul University,"2400 North Sheffield Avenue Chicago, IL 60614",2400 North Sheffield Avenue,,Chicago,IL,60614,,41.9255,-87.653765,71,Midwest,Illinois
DePauw University,"313 S Locust St Greencastle, IN 46135",313 S Locust St,,Greencastle,IN,46135,,39.64087,-86.86036,72,Midwest,Indiana
Diablo Valley College,"321 Golf Club Rd Pleasant Hill, CA 94523",321 Golf Club Rd,,Pleasant Hill,CA,94523,,37.97132,-122.07072,681,West,California
Dickinson College,"28 N College St. Carlisle, PA 17013",28 N College St.,,Carlisle,PA,17013,,40.202552,-77.196572,507,Northeast,Pennsylvania
Doane University,"1014 Boswell Avenue Crete, NE 68333",1014 Boswell Avenue,,Crete,NE,68333,,40.622686,-96.951687,73,Midwest,Nebraska
Dominican University,"50 Acacia Ave. San Rafael, CA 94901",50 Acacia Ave.,,San Rafael,CA,94901,,37.97938,-122.51446,568,West,California
Drake University,"2507 University Ave Des Moines, IA 50311",2507 University Ave,,Des Moines,IA,50311,,41.600535,-93.651102,74,Midwest,Iowa
Drew University,"36 Madison Ave Madison, NJ 7940",36 Madison Ave,,Madison,NJ,7940,,40.76067,-74.42744,75,Northeast,New Jersey
Drexel University,"3141 Chestnut St Philadelphia, PA 19104",3141 Chestnut St,,Philadelphia,PA,19104,,39.95412,-75.18691,76,Northeast,Pennsylvania
Duke University,"2138 Campus Dr Durham, NC 27708",2138 Campus Dr,,Durham,NC,27708,,36.000195,-78.93073,77,South,North Carolina
Dutchess Community College,"53 Pendell Rd Poughkeepsie, NY 12601",53 Pendell Rd,,Poughkeepsie,NY,12601,,41.722349,-73.905106,535,Northeast,New York
Earlham College,"801 National Road West Richmond, IN 47374",801 National Road West,,Richmond,IN,47374,,39.82394,-84.91324,78,Midwest,Indiana
East Carolina University,"E 5th St Greenville, NC 27858",E 5th St,,Greenville,NC,27858,,35.611251,-77.372791,337,South,North Carolina
Eastern Florida State College,"3865 North Wickham Road Melbourne, FL 32935",3865 North Wickham Road,,Melbourne,FL,32935,,28.16879,-80.66841,79,South,Florida
Eastern Illinois University,"600 Lincoln Ave Charleston, IL 61920",600 Lincoln Ave,,Charleston,IL,61920,,39.48427,-88.17505,545,Midwest,Illinois
Eastern Michigan University,"900 Oakwood St Ypsilanti, MI 48197",900 Oakwood St,,Ypsilanti,MI,48197,,42.252257,-83.629178,80,Midwest,Michigan
Eastern Washington University,"526 5th St Cheney, WA 99004",526 5th St,,Cheney,WA,99004,,47.489847,-117.578294,425,West,Washington
East Tennessee State University,"1276 Gilbreath Dr Johnson City, TN 37614",1276 Gilbreath Dr,,Johnson City,TN,37614,,36.30418,-82.36686,614,South,Tennessee
Eckerd College,"4200 54th Avenue South Saint Petersburg, FL 33711",4200 54th Avenue South,,Saint Petersburg,FL,33711,,27.71864,-82.69229,81,South,Florida
El Camino College,"16007 Crenshaw Blvd Torrance, CA 90506",16007 Crenshaw Blvd,,Torrance,CA,90506,,33.88472,-118.33001,494,West,California
Elizabethtown College,"1 Alpha Drive Elizabethtown, PA 17022",1 Alpha Drive,,Elizabethtown,PA,17022,,40.14896,-76.5959,82,Northeast,Pennsylvania
Elon University,"50 Campus Drive Elon, NC 27244",50 Campus Drive,,Elon,NC,27244,,36.105701,-79.502898,338,South,North Carolina
Emerson College,"120 Boylston Street Boston, MA 02116",120 Boylston Street,,Boston,MA,02116,,42.3523,-71.06573,511,Northeast,Massachusetts
Emmanuel College,"400 Fenway Boston, MA 02115",400 Fenway,,Boston,MA,02115,,42.34094,-71.10271,496,Northeast,Massachusetts
Emory & Henry College,"30461 Garnand Dr Emory, VA 24327",30461 Garnand Dr,,Emory,VA,24327,,36.58283,-80.6503,680,Midwest,Virginia
Emory University,"201 Dowman Drive Atlanta, GA 30322",201 Dowman Drive,,Atlanta,GA,30322,,33.789687,-84.325406,83,South,Georgia
Emporia State University,"1 Kellogg Cir Emporia, KS 66801",1 Kellogg Cir,,Emporia,KS,66801,,38.41393,-96.18029,615,Midwest,Kansas
Evergreen State College,"2700 Evergreen Parkway Northwest Olympia, WA 98505",2700 Evergreen Parkway Northwest,,Olympia,WA,98505,,47.06956,-122.97449,84,West,Washington
Evergreen Valley College,"3095 Yerba Buena Road San Jose, CA 95135",3095 Yerba Buena Road,,San Jose,CA,95135,,37.311346,-121.756179,85,West,California
Fairleigh Dickinson University,"1000 River Rd Teaneck, NJ 7666",1000 River Rd,,Teaneck,NJ,7666,,40.89761,-74.028194,86,Northeast,New Jersey
Ferris State University,"1201 S State St Big Rapids, MI 49307",1201 S State St,,Big Rapids,MI,49307,,43.68478,-85.48339,556,Midwest,Michigan
Florida Atlantic University,"777 Glades Rd Boca Raton, FL 33431",777 Glades Rd,,Boca Raton,FL,33431,,26.3734,-80.10904,87,South,Florida
Florida Gulf Coast University,"10501 FGCU Blvd S Fort Myers, FL 33965",10501 FGCU Blvd S,,Fort Myers,FL,33965,,26.46419,-81.773,555,South,Florida
Florida Institute Of Technology,"3012 Engineering Street Melbourne, FL 32901",3012 Engineering Street,,Melbourne,FL,32901,,28.06046,-80.62279,88,South,Florida
Florida International University,"11200 Southwest 8th Street Miami, FL 33199",11200 Southwest 8th Street,,Miami,FL,33199,,25.7566,-80.37608,89,South,Florida
Florida Keys Community College,"5901 College Rd Key West, FL 33040",5901 College Rd,,Key West,FL,33040,,24.58299,-81.7441,541,South,Florida
Florida Southern College,"111 Lake Hollingsworth Drive Lakeland, FL 33801",111 Lake Hollingsworth Drive,,Lakeland,FL,33801,,28.03137,-81.94156,90,South,Florida
Florida State University,"600 W College Ave Tallahassee, FL 32306",600 W College Ave,,Tallahassee,FL,32306,,30.440875,-84.282141,91,South,Florida
Foothill College,"12345 El Monte Road Los Altos Hills, CA 94022",12345 El Monte Road,,Los Altos Hills,CA,94022,,37.35982,-122.12233,554,West,California
Fordham University,"113 West 60th Street New York, NY 10023",113 West 60th Street,,New York,NY,10023,,40.77064,-73.98579,92,Northeast,New York
Framingham State University,"100 State St Framingham, MA 1701",100 State St,,Framingham,MA,1701,,42.29781,-71.43568,93,Northeast,Massachusetts
Franklin and Marshall College,"415 Harrisburg Avenue Lancaster, PA 17603",415 Harrisburg Avenue,,Lancaster,PA,17603,,40.04932,-76.31577,94,Northeast,Pennsylvania
Frostburg State University,"101 Braddock Road Frostburg, MD 21532",101 Braddock Road,,Frostburg,MD,21532,,39.64842,-78.93294,427,South,Maryland
Fullerton College,"321 E Chapman Ave Fullerton, CA 92832",321 E Chapman Ave,,Fullerton,CA,92832,,33.87415,-117.91921,521,West,California
Furman University,"3300 Poinsett Hwy Greenville, SC 29613",3300 Poinsett Hwy,,Greenville,SC,29613,,34.877065,-82.40423,503,South,South Carolina
Gannon University,"109 University Square Erie, PA 16541",109 University Square,,Erie,PA,16541,,42.12884,-80.08669,428,Northeast,Pennsylvania
George Mason University,"4400 University Dr Fairfax, VA 22030",4400 University Dr,,Fairfax,VA,22030,,38.83547,-77.30921,95,South,Virginia
Georgetown University,"3700 O Street Northwest Washington, DC 20057",3700 O Street Northwest,,Washington,DC,20057,,38.90689,-77.07337,97,South,"Washington, D.C."
George Washington University,"2121 I Street Northwest Washington, DC 20052",2121 I Street Northwest,,Washington,DC,20052,,38.900815,-77.047706,96,South,"Washington, D.C."
Georgia College,"231 W Hancock St Milledgeville, GA 31061",231 W Hancock St,,Milledgeville,GA,31061,,33.080904,-83.229553,505,South,Georgia
Georgia Institute of Technology,"219 Uncle Heinie Way Atlanta, GA 30332-0320",219 Uncle Heinie Way,,Atlanta,GA,30332-0320,,33.77137,-84.39429,98,South,Georgia
Georgia State University,"300 N Washington St Gettysburg, PA 17325",300 N Washington St,,Gettysburg,PA,17325,,39.83486,-77.23551,371,Northeast,Pennsylvania
Gettysburg College,"300 N Washington St Gettysburg, PA 17325",300 N Washington St,,Gettysburg,PA,17325,,39.83486,-77.23551,99,Northeast,Pennsylvania
Gonzaga University,"502 E Boone Ave Spokane, WA 99258",502 E Boone Ave,,Spokane,WA,99258,,47.66815,-117.40319,672,West,Washington
Goucher College,"1021 Dulaney Valley Rd Baltimore, MD 21204",1021 Dulaney Valley Rd,,Baltimore,MD,21204,,39.4094,-76.60051,100,South,Maryland
Governors State University,"1 University Pkwy University Park, IL 60484",1 University Pkwy,,University Park,IL,60484,,41.44619,-87.68218,778,Midwest,Illinois
Graceland University ,"1 University Pl Lamoni, IA 50140",1 University Pl,,Lamoni,IA,50140,,40.61637,-93.92294,617,Midwest,Iowa
Graduate Theological Union,"2400 Ridge Rd Berkeley, CA 94709",2400 Ridge Rd,,Berkeley,CA,94709,,37.87559,-122.26186,550,West,California
Grand Valley State University,"1 Campus Dr Allendale, MI 49401",1 Campus Dr,,Allendale,MI,49401,,42.96127,-85.88881,101,Midwest,Michigan
Gratz College,"7605 Old York Rd Melrose Park, PA 19027",7605 Old York Rd,,Melrose Park,PA,19027,,40.06688,-75.13328,775,Northeast,Pennsylvania
Green Mountain College,"1 Brennan Circle Poultney, VT 5764",1 Brennan Circle,,Poultney,VT,5764,,43.51654,-73.2402,102,Northeast,Vermont
Grinnell College,"1115 8th Ave Grinnell, IA 50112",1115 8th Ave,,Grinnell,IA,50112,,41.748886,-92.720653,524,Midwest,Iowa
Grossmont Community College,"8800 Grossmont College Dr El Cajon, CA 92020",8800 Grossmont College Dr,,El Cajon,CA,92020,,32.81612,-117.00696,673,West,California
Guilford College,"5800 West Friendly Avenue Greensboro, NC 27410",5800 West Friendly Avenue,,Greensboro,NC,27410,,36.09011,-79.88864,103,South,North Carolina
Hamilton College,"198 College Hill Road Clinton, NY 13323",198 College Hill Road,,Clinton,NY,13323,,43.05062,-75.40227,429,Northeast,New York
Hampshire College,"893 West St Amherst, MA 1002",893 West St,,Amherst,MA,1002,,42.32575,-72.53327,104,Northeast,Massachusetts
Harper College,"1200 W Algonquin Rd Palatine, IL 60067",1200 W Algonquin Rd,,Palatine,IL,60067,,42.07981,-88.07518,674,Midwest,Illinois
Hartford Seminary,"77 Sherman St Hartford, CT 6105",77 Sherman St,,Hartford,CT,6105,,41.76945,-72.70753,618,Northeast,Connecticut
Harvard University,"86 Brattle Street Cambridge, MA 2138",86 Brattle Street,,Cambridge,MA,2138,,42.37574,-71.1243,105,Northeast,Massachusetts
Harvey Mudd College,"301 Platt Boulevard Claremont, CA 91711",301 Platt Boulevard,,Claremont,CA,91711,,34.10559,-117.71126,106,West,California
Haverford College,"370 Lancaster Ave Haverford, PA 19041",370 Lancaster Ave,,Haverford,PA,19041,,40.013064,-75.301613,107,Northeast,Pennsylvania
Hebrew Union College-Jewish Institute of Religion,"3101 Clifton Avenue Cincinnati, OH 45220",3101 Clifton Avenue,,Cincinnati,OH,45220,,39.13705,-84.5206,108,Midwest,Ohio
High Point University,"1 N University Pkwy High Point, NC 27268",1 N University Pkwy,,High Point,NC,27268,,35.97255,-79.99553,720,Northeast,North Carolina
Hobart and William Smith Colleges,"300 Pulteney St Geneva, NY 14456",300 Pulteney St,,Geneva,NY,14456,,42.85943,-76.98573,512,Northeast,New York
Hofstra University,"1000 Fulton Ave Hempstead, NY 11549",1000 Fulton Ave,,Hempstead,NY,11549,,40.705027,-73.636308,109,Northeast,New York
Hollins University,"7916 Williamson Rd Roanoke, VA 24019",7916 Williamson Rd,,Roanoke,VA,24019,,37.35185,-79.94065,110,South,Virginia
Hood College,"401 Rosemont Ave Frederick, MD 21701",401 Rosemont Ave,,Frederick,MD,21701,,39.42022,-77.41987,431,South,Maryland
Houston Community College,"1990 Airport Blvd Houston, TX 77051",1990 Airport Blvd,,Houston,TX,77051,,29.64244,-95.38964,619,South,Texas
Howard County Community College,"10901 Little Patuxent Pkwy Columbia, MD 21044",10901 Little Patuxent Pkwy,,Columbia,MD,21044,,39.21596,-76.87977,772,Northeast,Maryland
Howard University,"2400 6th Street Northwest Washington, DC 20059",2400 6th Street Northwest,,Washington,DC,20059,,38.92314,-77.02158,111,South,"Washington, D.C."
Hudson County Community College,"70 Sip Ave Jersey City, NJ 07306",70 Sip Ave,,Jersey City,NJ,07306,,40.7307,-74.06243,763,Northeast,New Jersey
Humboldt State University,"1 Harpst Street Arcata, CA 95521",1 Harpst Street,,Arcata,CA,95521,,40.87399,-124.08153,432,West,California
Hussian College,"1500 Spring Garden St #101 Philadelphia, PA 19130",1500 Spring Garden St #101,,Philadelphia,PA,19130,,39.96202,-75.16404,620,Northeast,Pennsylvania
Icahn School of Medicine at Mount Sinai,"1 Gustave L. Levy Pl New York, NY 10029",1 Gustave L. Levy Pl,,New York,NY,10029,,40.79038,-73.95339,621,Northeast,New York
Idaho State University,"921 S 8th Ave Pocatello, ID 83209",921 S 8th Ave,,Pocatello,ID,83209,,42.86198,-112.4332,679,West,Idaho
Illinois Institute of Technology,"10 West 35th Street Chicago, IL 60616",10 West 35th Street,,Chicago,IL,60616,,41.830795,-87.630866,112,Midwest,Illinois
Illinois State University,"100 North University Street Normal, IL 61761",100 North University Street,,Normal,IL,61761,,40.510819,-88.993093,433,Midwest,Illinois
Indiana University Bloomington,"107 S Indiana Avenue Bloomington, IN 47405",107 S Indiana Avenue,,Bloomington,IN,47405,,39.16642,-86.52679,574,Midwest,Indiana
Indiana University of Pennsylvania,"1011 South Drive Indiana, PA 15705",1011 South Drive,,Indiana,PA,15705,,40.617385,-79.160054,434,Northeast,Pennsylvania
Indiana University Purdue University Fort Wayne,"2101 East Coliseum Boulevard Fort Wayne, IN 46805",2101 East Coliseum Boulevard,,Fort Wayne,IN,46805,,41.118265,-85.139684,401,Midwest,Indiana
Indiana University Purdue University Indianapolis (IUPUI),"420 University Blvd Indianapolis, IN 46202",420 University Blvd,,Indianapolis,IN,46202,,39.7739,-86.176,114,Midwest,Indiana
Iowa State University,"2433 Union Drive Ames, IA 50011",2433 Union Drive,,Ames,IA,50011,,42.025189,-93.651175,115,Midwest,Iowa
Irvine Valley College,"5500 Irvine Center Dr. Irvine, CA 92618",5500 Irvine Center Dr.,,Irvine,CA,92618,,33.67925,-117.77875,547,West,California
Ithaca College,"953 Danby Road Ithaca, NY 14850",953 Danby Road,,Ithaca,NY,14850,,42.42175,-76.50097,116,Northeast,New York
James Madison University,"800 S Main St Harrisonburg, VA 22807",800 S Main St,,Harrisonburg,VA,22807,,38.441,-78.87429,435,South,Virginia
John Carroll University,"1 John Carroll Blvd University Heights, OH 44118",1 John Carroll Blvd,,University Heights,OH,44118,,41.48833,-81.53409,676,Midwest,Ohio
Johns Hopkins University,"3400 North Charles Street Baltimore, MD 21218",3400 North Charles Street,,Baltimore,MD,21218,,39.32913,-76.61805,117,South,Maryland
Kalamazoo College,"1200 Academy Street Kalamazoo, MI 49006",1200 Academy Street,,Kalamazoo,MI,49006,,42.29051,-85.60115,436,Midwest,Michigan
Kansas State University,"119 Anderson Hall Manhattan, KS 66506-0102",119 Anderson Hall,,Manhattan,KS,66506-0102,,39.1861,-96.57952,118,Midwest,Kansas
Kean University,"1000 Morris Avenue Union, NJ 7083",1000 Morris Avenue,,Union,NJ,7083,,40.67848,-74.2343,339,Northeast,New Jersey
Keene State College,"229 Main St Keene, NH 3435",229 Main St,,Keene,NH,3435,,42.92756,-72.27788,119,Northeast,New Hampshire
Kennesaw State University,"1000 Chastain Road Kennesaw, GA 30144",1000 Chastain Road,,Kennesaw,GA,30144,,34.03262,-84.58292,120,South,Georgia
Kent State University,"800 East Summit Street Kent, OH 44240",800 East Summit Street,,Kent,OH,44240,,41.150275,-81.358293,121,Midwest,Ohio
Kenyon College,"103 College Rd Gambier, OH 43022",103 College Rd,,Gambier,OH,43022,,40.37549,-82.399013,122,Midwest,Ohio
Knox College,"2 E South St Galesburg, IL 61401",2 E South St,,Galesburg,IL,61401,,40.943714,-90.370401,123,Midwest,Illinois
Kutztown University,"15200 Kutztown Road Kutztown, PA 19530",15200 Kutztown Road,,Kutztown,PA,19530,,40.509696,-75.783995,124,Northeast,Pennsylvania
Lafayette College,"730 High St Easton, PA 18042",730 High St,,Easton,PA,18042,,40.699316,-75.209395,437,Northeast,Pennsylvania
Lake Erie College,"391 W Washington St Painesville, OH 44077",391 W Washington St,,Painesville,OH,44077,,41.71853,-81.24996,534,Midwest,Ohio
Lake Land College,"5001 Lake Land Blvd Mattoon, IL 61938",5001 Lake Land Blvd,,Mattoon,IL,61938,,39.41362,-88.37801,678,Midwest,Illinois
Las Positas College,"3000 Campus Hill Dr Livermore, CA 94551",3000 Campus Hill Dr,,Livermore,CA,94551,,37.70694,-121.79658,761,West,California
Lawrence University,"212 South Durkee Street Appleton, WI 54911",212 South Durkee Street,,Appleton,WI,54911,,44.26041,-88.40243,125,Midwest,Wisconsin
Lehigh University,"27 Memorial Dr W Bethlehem, PA 18015",27 Memorial Dr W,,Bethlehem,PA,18015,,40.607209,-75.379065,126,Northeast,Pennsylvania
Le Moyne College,"1419 Salt Springs Rd. Syracuse, NY 13214",1419 Salt Springs Rd.,,Syracuse,NY,13214,,43.04765,-76.08609,566,Northeast,New York
Lesley University,"29 Everett Street Cambridge, MA 2138",29 Everett Street,,Cambridge,MA,2138,,42.38016,-71.11723,127,Northeast,Massachusetts
Lewis and Clark College,"0615 Southwest Palatine Hill Road Portland, OR 97219",0615 Southwest Palatine Hill Road,,Portland,OR,97219,,45.4504,-122.6694,438,West,Oregon
Lewis University,"1 University Pkwy Romeoville, IL 60446",1 University Pkwy,,Romeoville,IL,60446,,41.60524,-88.07578,373,Midwest,Illinois
Linfield University,"900 SE Baker St McMinnville, OR 97128",900 SE Baker St,,McMinnville,OR,97128,,45.20178,-123.19956,562,West,Oregon
Lone Star College,"4141 Victory Dr Houston, TX 77088",4141 Victory Dr,,Houston,TX,77088,,29.86944,-95.46503,622,South,Texas
Long Beach City College,"4901 E Carson St. Long Beach, CA 90808",4901 E Carson St.,,Long Beach,CA,90808,,33.83253,-118.13527,500,West,California
Long Island University,"1 University Plaza Brooklyn, NY 11201",1 University Plaza,,Brooklyn,NY,11201,,40.6917,-73.98149,439,Northeast,New York
Los Angeles Valley College,"5800 Fulton Ave Valley Glen, CA 91401",5800 Fulton Ave,,Valley Glen,CA,91401,,34.17577,-118.4203,128,West,California
Louisiana College,"1140 College Dr Pineville, LA 71360",1140 College Dr,,Pineville,LA,71360,,31.326704,-92.426911,129,South,Louisiana
Louisiana State University,"125 East Boyd Drive Baton Rouge, LA 70808",125 East Boyd Drive,,Baton Rouge,LA,70808,,30.403237,-91.172472,440,South,Louisiana
Louisville State University,"156 Thomas Boyd Hall Baton Rouge, LA 70803",156 Thomas Boyd Hall,,Baton Rouge,LA,70803,,30.415001,-91.17892,130,South,Louisiana
Loyola Marymount University,"1 Loyola Marymount University Drive Los Angeles, CA 90045",1 Loyola Marymount University Drive,,Los Angeles,CA,90045,,33.96281,-118.4167,374,West,California
Loyola University Chicago,"1032 W Sheridan Rd Chicago, IL 60660",1032 W Sheridan Rd,,Chicago,IL,60660,,41.99869,-87.65717,131,Midwest,Illinois
Loyola University Maryland,"4501 North Charles Street Baltimore, MD 21210",4501 North Charles Street,,Baltimore,MD,21210,,39.34756,-76.61738,441,South,Maryland
Loyola University New Orleans,"6363 St Charles Ave New Orleans, LA 70118",6363 St Charles Ave,,New Orleans,LA,70118,,29.93398,-90.12145,766,South,Louisiana
Lutheran Theological Southern Seminary,"625 7th Ave NE Hickory, NC 28601",625 7th Ave NE,,Hickory,NC,28601,,35.73919,-81.32572,133,South,North Carolina
Luther College,"700 College Drive Decorah, IA 52101",700 College Drive,,Decorah,IA,52101,,43.31331,-91.79959,132,Midwest,Iowa
Macalester College,"62 Macalester St St. Paul, MN 55105",62 Macalester St,,St. Paul,MN,55105,,44.938821,-93.169695,134,Midwest,Minnesota
Manchester Community College,"60 Bidwell St Manchester, CT 06040",60 Bidwell St,,Manchester,CT,06040,,41.76433,-72.55476,490,Northeast,Connecticut
Manhatanville College,"2900 Purchase Street Purchase, NY 10577",2900 Purchase Street,,Purchase,NY,10577,,41.03048,-73.71283,135,Northeast,New York
Marian University ,"3200 Cold Spring Rd Indianapolis, IN 46222",3200 Cold Spring Rd,,Indianapolis,IN,46222,,39.81744,-86.20424,623,Midwest,Indiana
Maricopa Community Colleges,"2411 W 14th St Tempe, AZ 85281",2411 W 14th St,,Tempe,AZ,85281,,33.41298,-111.97544,528,West,Arizona
Marist College,"3399 North Rd Poughkeepsie, NY 12601",3399 North Rd,,Poughkeepsie,NY,12601,,41.72392,-73.93386,136,Northeast,New York
Marquette University,"1250 W. Wisconsin Ave. Milwaukee, WI 53233",1250 W. Wisconsin Ave.,,Milwaukee,WI,53233,,43.038845,-87.928131,137,Midwest,Wisconsin
Marshall University,"1 John Marshall Dr Huntington, WV 25755",1 John Marshall Dr,,Huntington,WV,25755,,38.422241,-82.429985,515,Northeast,West Virginia
Mary Baldwin University,"101 E Frederick St Staunton, VA 24401",101 E Frederick St,,Staunton,VA,24401,,38.15103,-79.07143,624,South,Virginia
Marygrove College,"8425 W. McNichols Detroit, MI 48221",8425 W. McNichols,,Detroit,MI,48221,,42.41546,-83.15515,138,Midwest,Michigan
Massachusetts College of Liberal Arts,"375 Church St North Adams, MA 01247",375 Church St,,North Adams,MA,01247,,42.69112,-73.10269,561,Northeast,Massachusetts
Massachusetts Institute of Technology,"77 Massachusetts Ave Cambridge, MA 2139",77 Massachusetts Ave,,Cambridge,MA,2139,,42.35903,-71.0934,139,Northeast,Massachusetts
Mayfield College,"35325 Date Palm Dr #101 Cathedral City, CA 92234",35325 Date Palm Dr #101,,Cathedral City,CA,92234,,33.79145,-116.45872,140,West,California
Medical College of Wisconsin ,"8701 W Watertown Plank Rd Wauwatosa, WI 53226",8701 W Watertown Plank Rd,,Wauwatosa,WI,53226,,43.04433,-88.02247,625,Midwest,Wisconsin
Mercer University,"3001 Mercer University Dr Atlanta, GA 30341",3001 Mercer University Dr,,Atlanta,GA,30341,,33.87637,-84.26237,626,South,Georgia
Merrimack College,"315 Turnpike St North Andover, MA 01845",315 Turnpike St,,North Andover,MA,01845,,42.67146,-71.12368,572,Northeast,Massachusetts
Merritt College,"12500 Campus Dr Oakland, CA 94619",12500 Campus Dr,,Oakland,CA,94619,,37.7912,-122.16767,531,West,California
Metropolitan Community College Longview,"2105, 500 SW Longview Rd Lee's Summit, MO 64081","2105, 500 SW Longview Rd",,Lee's Summit,MO,64081,,38.91113,-94.451,375,Midwest,Missouri
Metropolitan State University of Denver,"1201 Fifth Street Denver, CO 80217",1201 Fifth Street,,Denver,CO,80217,,39.742086,-105.010046,141,West,Colorado
Miami University Ohio,"301 S. Campus Ave Oxford, OH 45056",301 S. Campus Ave,,Oxford,OH,45056,,39.50648,-84.73918,142,Midwest,Ohio
Michigan State University,"426 Auditorium Rd East Lansing, MI 48824",426 Auditorium Rd,,East Lansing,MI,48824,,42.72993,-84.47977,143,Midwest,Michigan
Michigan Technological University,"1400 Townsend Drive Houghton, MI 49931",1400 Townsend Drive,,Houghton,MI,49931,,47.119076,-88.551255,144,Midwest,Michigan
Middlebury College,"131 S Main St Middlebury, VT 5753",131 S Main St,,Middlebury,VT,5753,,44.00782,-73.174,376,Northeast,Vermont
Middle Tennessee State University,"1301 E Main St Murfreesboro, TN 37132",1301 E Main St,,Murfreesboro,TN,37132,,35.84381,-86.37062,145,South,Tennessee
Midwestern University Medical School,"555 31st St Downers Grove, IL 60515",555 31st St,,Downers Grove,IL,60515,,41.82969,-88.00255,760,Midwest,Illinois
Millersville University,"40 Dilworth Rd Millersville, PA 17551",40 Dilworth Rd,,Millersville,PA,17551,,39.99875,-76.35859,488,Northeast,Pennsylvania
Mills College,"5000 MacArthur Blvd Oakland, CA 94613",5000 MacArthur Blvd,,Oakland,CA,94613,,37.782273,-122.187627,442,West,California
Minnesota State University,"228 Wiecking Center Mankato, MN 56001",228 Wiecking Center,,Mankato,MN,56001,,44.15196,-93.99971,627,Midwest,Minnesota
Misericordia University ,"301 Lake Street Dallas, PA 18612",301 Lake Street,,Dallas,PA,18612,,41.34404,-75.97356,628,Northeast,Pennsylvania
Mississippi State University,"25 Old Main 101 Mississippi State, MS 39762",25 Old Main 101,,Mississippi State,MS,39762,,33.45622,-88.795708,443,South,Mississippi
Missouri State University,"901 S National Ave Springfield, MO 65897",901 S National Ave,,Springfield,MO,65897,,37.19855,-93.27846,551,Midwest,Missouri
Missouri University of Science and Technology,"300 W 13th St Rolla, MO 65409",300 W 13th St,,Rolla,MO,65409,,37.954075,-91.770704,487,Midwest,Missouri
Monmouth College,"700 E Broadway Monmouth, IL 61462",700 E Broadway,,Monmouth,IL,61462,,40.91275,-90.63989,444,Midwest,Illinois
Monmouth University,"400 Cedar Ave West Long Branch, NJ 7764",400 Cedar Ave,,West Long Branch,NJ,7764,,40.28165,-74.0036,629,Northeast,New Jersey
"Montana State University, Billings","1500 University Dr Billings, MT 59101",1500 University Dr,,Billings,MT,59101,,45.79674,-108.5213,146,West,Montana
Montana State University Bozeman,"201 Strand Union Building, W Grant Street Bozeman, MT 59717","201 Strand Union Building, W Grant Street",,Bozeman,MT,59717,,45.66539,-111.04057,445,West,Montana
Montclair State University,"1 Normal Ave Montclair, NJ 7043",1 Normal Ave,,Montclair,NJ,7043,,40.85737,-74.19842,147,Northeast,New Jersey
Montgomery College,"9221 Corporate Blvd Rockville, MD 20850",9221 Corporate Blvd,,Rockville,MD,20850,,39.10788,-77.19106,630,South,Maryland
Moorpark College,"7075 Campus Rd Moorpark, CA 93021",7075 Campus Rd,,Moorpark,CA,93021,,34.30149,-118.83209,687,West,California
Moraine Valley Community College,"9000 College Pkwy Palos Hills, IL 60465",9000 College Pkwy,,Palos Hills,IL,60465,,41.69,-87.83726,719,Northeast,Illinois
Moravian College,"1200 Main St Bethlehem, PA 18018",1200 Main St,,Bethlehem,PA,18018,,40.63017,-75.38127,563,Northeast,Pennsylvania
Morehouse College,"830 Westview Drive, SW Atlanta, GA 30314","830 Westview Drive, SW",,Atlanta,GA,30314,,33.746449,-84.415239,148,South,Georgia
Morgan State University,"1700 E Cold Spring Ln Baltimore, MD 21251",1700 E Cold Spring Ln,,Baltimore,MD,21251,,39.345955,-76.585925,446,South,Maryland
Mount Mercy University,"1330 Elmhurst Dr NE Cedar Rapids, IA 52402",1330 Elmhurst Dr NE,,Cedar Rapids,IA,52402,,42.00254,-91.65207,149,Midwest,Iowa
Mt. Holyoke College,"50 College St South Hadley, MA 1075",50 College St,,South Hadley,MA,1075,,42.25648,-72.57623,377,Northeast,Massachusetts
Mt. San Antonio College,"1100 N Grand Ave Walnut, CA 91789",1100 N Grand Ave,,Walnut,CA,91789,,34.04832,-117.842,150,West,California
Mt. San Jacinto College,"1499 N. State St. San Jacinto, CA 92583",1499 N. State St.,,San Jacinto,CA,92583,,33.80719,-116.97195,151,West,California
Muhlenberg College,"400 Chew St. Allentown, PA 18104",400 Chew St.,,Allentown,PA,18104,,40.60797,-75.467613,152,Northeast,Pennsylvania
Nassau Community College,"1 Education Dr, Garden City, NY 11530","1 Education Dr,",,Garden City,NY,11530,,40.72982,-73.59239,153,Northeast,New York
Nazareth College,"4245 East Avenue Rochester, NY 14618",4245 East Avenue,,Rochester,NY,14618,,43.10198,-77.51966,484,Northeast,New York
New Jersey Institute of Technology,"323 Dr Martin Luther King Jr Blvd Newark, NJ 7102",323 Dr Martin Luther King Jr Blvd,,Newark,NJ,7102,,40.74287,-74.17632,447,Northeast,New Jersey
New Mexico State University,"1780 E University Ave Las Cruces, NM 88003",1780 E University Ave,,Las Cruces,NM,88003,,32.28587,-106.744058,448,West,New Mexico
New York University,"383 Lafayette St New York, NY 10003",383 Lafayette St,,New York,NY,10003,,40.72763,-73.99312,154,Northeast,New York
Nicholls State University,"906 E 1st St Thibodaux, LA 70301",906 E 1st St,,Thibodaux,LA,70301,,29.79548,-90.80122,631,South,Louisiana
North Carolina Agricultural and Technical State University,"1601 E Market St Greensboro, NC 27411",,1601 E Market St,Greensboro,NC,27411,,36.07232,-79.77277,578,South,North Carolina
North Carolina State University,"10 Watauga Club Drive Raleigh, NC 27607",10 Watauga Club Drive,,Raleigh,NC,27607,,35.786058,-78.664294,155,South,North Carolina
North Carolina Wesleyan College ,"3400 N Wesleyan Blvd Rocky Mount, NC 27804",3400 N Wesleyan Blvd,,Rocky Mount,NC,27804,,36.01565,-77.77145,632,South,North Carolina
North Dakota State University,"1340 Administration Ave Fargo, ND 58105",1340 Administration Ave,,Fargo,ND,58105,,46.891669,-96.800275,560,Midwest,North Dakota
Northeastern Illinois University,"5500 St Louis Ave Chicago, IL 60625",5500 St Louis Ave,,Chicago,IL,60625,,41.98121,-87.71623,378,Midwest,Illinois
Northeastern University,"40 Leon St. Boston, MA 2115",40 Leon St.,,Boston,MA,2115,,42.33787,-71.09144,156,Northeast,Massachusetts
Northern Arizona University,"S San Francisco St Flagstaff, AZ 86011",S San Francisco St,,Flagstaff,AZ,86011,,35.195761,-111.648934,379,West,Arizona
Northern Illinois University,"1425 W. Lincoln Hwy. DeKalb, IL 60115",1425 W. Lincoln Hwy.,,DeKalb,IL,60115,,41.930931,-88.780895,450,Midwest,Illinois
"Northern Virginia Community College, Annandale","8333 Little River Turnpike Annandale, VA 22003",8333 Little River Turnpike,,Annandale,VA,22003,,38.83582,-77.23196,157,South,Virginia
North Orange County Community College District,"1830 W Romneya Dr Anaheim, CA 92801",1830 W Romneya Dr,,Anaheim,CA,92801,,33.84989,-117.94577,683,West,California
Northwestern University,"633 Clark St Evanston, IL 60208",633 Clark St,,Evanston,IL,60208,,42.049918,-87.679272,158,Midwest,Illinois
Northwest Missouri State University,"800 University Dr Maryville, MO 64468",800 University Dr,,Maryville,MO,64468,,40.35236,-94.88193,451,Midwest,Missouri
Nova Southeastern University,"3301 College Ave Fort Lauderdale, FL 33314",3301 College Ave,,Fort Lauderdale,FL,33314,,26.07796,-80.23911,633,South,Florida
Oakland University,"318 Meadow Brook Rd Rochester, MI 48309",318 Meadow Brook Rd,,Rochester,MI,48309,,42.673885,-83.218675,159,Midwest,Michigan
Oakton Community College,"1600 E Golf Rd Des Plaines, IL 60016",1600 E Golf Rd,,Des Plaines,IL,60016,,42.05469,-87.8854,160,Midwest,Illinois
Oberlin College,"39 W. College St. Oberlin, OH 44074",39 W. College St.,,Oberlin,OH,44074,,41.29146,-82.21862,161,Midwest,Ohio
Occidental College,"1600 Campus Rd Los Angeles, CA 90041",1600 Campus Rd,,Los Angeles,CA,90041,,34.12626,-118.21412,162,West,California
Oglethorpe University,"4484 Peachtree Rd NE Atlanta, GA 30319",4484 Peachtree Rd NE,,Atlanta,GA,30319,,33.87501,-84.33399,163,South,Georgia
Ohio State University,"190 N. Oval Mall Columbus, OH 43210",190 N. Oval Mall,,Columbus,OH,43210,,40.0006,-83.01342,164,Midwest,Ohio
Ohio University,"1 Ohio University Drive Athens, OH 45701",1 Ohio University Drive,,Athens,OH,45701,,39.325715,-82.099187,165,Midwest,Ohio
Oklahoma City University,"2501 N Blackwelder Ave Oklahoma City, OK 73106",2501 N Blackwelder Ave,,Oklahoma City,OK,73106,,35.49433,-97.53891,548,South,Oklahoma
Oklahoma State University,"219 Student Unio Stillwater, OK 74078",219 Student Unio,,Stillwater,OK,74078,,36.12297,-97.07558,634,South,Oklahoma
Old Dominion University,"5115 Hampton Blvd Norfolk, VA 23529",5115 Hampton Blvd,,Norfolk,VA,23529,,36.88898,-76.30347,166,South,Virginia
Olympic College,"1600 Chester Ave Bremerton, WA 98337",1600 Chester Ave,,Bremerton,WA,98337,,47.57661,-122.63427,489,West,Washington
Orange Coast College,"2701 Fairview Road Costa Mesa, CA 92626",2701 Fairview Road,,Costa Mesa,CA,92626,,33.67194,-117.91183,167,West,California
Oregon State University,"104 Kerr Admin Building Corvallis, OR 97331",104 Kerr Admin Building,,Corvallis,OR,97331,,44.564695,-123.275486,168,West,Oregon
Pace University,"1 Pace Plaza New York, NY 10038",1 Pace Plaza,,New York,NY,10038,,40.71167,-74.00542,169,Northeast,New York
Pace University - Pleasantville,"861 Bedford Rd Pleasantville, NY 10570",861 Bedford Rd,,Pleasantville,NY,10570,,41.12463,-73.80672,170,Northeast,New York
Pasadena City College,"1570 E Colorado Blvd Pasadena, CA 91106",1570 E Colorado Blvd,,Pasadena,CA,91106,,34.14393,-118.11916,539,West,California
Passaic County Community College,"1 College Blvd, Paterson, NJ 07505","1 College Blvd,",,Paterson,NJ,07505,,40.91677,-74.17912,525,Northeast,New Jersey
Pennsylvania State University,"Old Main State College, PA 16801",Old Main,,State College,PA,16801,,40.796026,-77.864559,171,Northeast,Pennsylvania
"Pennsylvania State University, Altoona College","3000 Ivyside Park Altoona, PA 16601",3000 Ivyside Park,,Altoona,PA,16601,,40.538801,-78.409807,452,Northeast,Pennsylvania
"Pennsylvania State University, Harrisburg","777 W Harrisburg Pike Middletown, PA 17057",777 W Harrisburg Pike,,Middletown,PA,17057,,40.197131,-76.744347,491,Northeast,Pennsylvania
"Pittsburg State University, Kansas","1701 S Broadway St Pittsburg, KS 66762",1701 S Broadway St,,Pittsburg,KS,66762,,37.39144,-94.70484,635,Northeast,Pennsylvania
Point Park University,"201 Wood St. Pittsburgh, PA 15222",201 Wood St.,,Pittsburgh,PA,15222,,40.4385,-80.00128,513,Northeast,Pennsylvania
Portland Community College Cascade,"705 N. Killingsworth St. Portland, OR 97217",705 N. Killingsworth St.,,Portland,OR,97217,,45.56283,-122.67466,172,West,Oregon
Portland State University,"1800 Southwest 6th Avenue Portland, OR 97205",1800 Southwest 6th Avenue,,Portland,OR,97205,,45.51162,-122.68217,173,West,Oregon
Pratt Institute,"200 Willoughby Ave Brooklyn, NY 11205",200 Willoughby Ave,,Brooklyn,NY,11205,,40.69191,-73.96396,769,Northeast,New York
Prescott College,"220 Grove Avenue Prescott, AZ 86301",220 Grove Avenue,,Prescott,AZ,86301,,34.54481,-112.47648,591,West,Arizona
Princeton University,"110 Morrison Hall Princeton, NJ 8544",110 Morrison Hall,,Princeton,NJ,8544,,40.357298,-74.667223,174,Northeast,New Jersey
Principia College,"1 Maybeck Place Elsah, IL 62028",1 Maybeck Place,,Elsah,IL,62028,,38.95575,-90.34752,637,Midwest,Illinois
Providence College,"1 Cunningham Square Providence, RI 02918",1 Cunningham Square,,Providence,RI,02918,,41.84423,-71.43931,552,Northeast,Rhode Island
Purdue University,"610 Purdue Mall West Lafayette, IN 47907",610 Purdue Mall,,West Lafayette,IN,47907,,40.42874,-86.913158,175,Midwest,Indiana
Purdue University Northwest,"2200 169th Street Hammond, IN 46323",2200 169th Street,,Hammond,IN,46323,,41.58766,-87.47543,639,Midwest,Indiana
Queens University of Charlotte,"1900 Selwyn Ave Charlotte, NC 28207",1900 Selwyn Ave,,Charlotte,NC,28207,,35.18885,-80.8333,527,South,North Carolina
Quinnipiac University,"275 Mount Carmel Avenue Hamden, CT 06518",275 Mount Carmel Avenue,,Hamden,CT,06518,,41.42016,-72.89406,481,Northeast,Connecticut
Ramapo College,"505 Ramapo Valley Rd Majwah, NJ 7430",505 Ramapo Valley Rd,,Majwah,NJ,7430,,41.08276,-74.17796,453,Northeast,New Jersey
Ramapo College of New Jersey,"505 Ramapo Valley Rd Mahwah, NJ 07430",505 Ramapo Valley Rd,,Mahwah,NJ,07430,,41.08276,-74.17796,640,Northeast,New Jersey
Reed College,"3203 SE Woodstock Blvd Portland, OR 97202",3203 SE Woodstock Blvd,,Portland,OR,97202,,45.47933,-122.63041,176,West,Oregon
Regis University,"3333 Regis Blvd Denver, CO 80221",3333 Regis Blvd,,Denver,CO,80221,,39.78979,-105.03117,526,West,Colorado
Reinhardt University ,"7300 Reinhardt Circle Waleska, GA 30183",7300 Reinhardt Circle,,Waleska,GA,30183,,34.31873,-84.55452,641,South,Georgia
Rensselaer Polytechnic Institute,"10 8th St Troy, NY 12180",10 8th St,,Troy,NY,12180,,42.727853,-73.684739,642,Northeast,New York
Rhode Island College,"600 Mt Pleasant Ave Providence, RI 2908",600 Mt Pleasant Ave,,Providence,RI,2908,,41.841592,-71.452775,380,Northeast,Rhode Island
Rhode Island School of Design,"2 College St Providence, RI 2903",2 College St,,Providence,RI,2903,,41.825821,-71.407012,177,Northeast,Rhode Island
Rice University,"6100 Main St Houston, TX 77005",6100 Main St,,Houston,TX,77005,,29.72066,-95.39387,178,South,Texas
Rider University ,"2083 Lawrenceville Rd Lawrenceville, NJ 08648",2083 Lawrenceville Rd,,Lawrenceville,NJ,08648,,40.27953,-74.73749,643,Northeast,New Jersey
Roanoke College,"226 High Street Salem, VA 24153",226 High Street,,Salem,VA,24153,,37.29626,-80.05362,485,South,Virginia
Rochester Institute of Technology,"1 Lomb Memorial Dr Rochester, NY 14623",1 Lomb Memorial Dr,,Rochester,NY,14623,,43.084744,-77.674249,454,Northeast,New York
Roger Williams University,"1 Old Ferry Rd Bristol, RI 2809",1 Old Ferry Rd,,Bristol,RI,2809,,41.64738,-71.26187,179,Northeast,Rhode Island
Rowan University,"201 Mullica Hill Rd Glassboro, NJ 8028",201 Mullica Hill Rd,,Glassboro,NJ,8028,,39.70791,-75.11606,180,Northeast,New Jersey
Rutgers University - Camden,"303 Cooper St Camden, NJ 08102",303 Cooper St,,Camden,NJ,08102,,39.94763,-75.12299,645,Northeast,New Jersey
Rutgers University - Livingston,"Joyce Kilmer Ave Piscataway, NJ 08854",Joyce Kilmer Ave,,Piscataway,NJ,08854,,40.52325,-74.43407,646,Northeast,New Jersey
Rutgers University - Newark,"195 University Ave Newark, NJ 7102",195 University Ave,,Newark,NJ,7102,,40.740949,-74.174409,182,Northeast,New Jersey
Rutgers University - New Brunswick,"57 US Highway 1 New Brunswick, NJ 8901",57 US Highway 1,,New Brunswick,NJ,8901,,40.472367,-74.430259,181,Northeast,New Jersey
Sacramento City College,"3835 Freeport Blvd Sacramento, CA 95822",3835 Freeport Blvd,,Sacramento,CA,95822,,38.54061,-121.48939,455,West,California
Sacramento State University,"6000 J Street Sacramento, CA 95819",6000 J Street,,Sacramento,CA,95819,,38.56124,-121.42446,183,West,California
Sacred Heart University,"5151 Park Ave Fairfield, CT 06825",5151 Park Ave,,Fairfield,CT,06825,,41.2223,-73.2406,647,Northeast,Connecticut
Salem State University,"352 Lafayette St Salem, MA 01970",352 Lafayette St,,Salem,MA,01970,,42.50263,-70.89071,648,Northeast,Massachusetts
Sam Houston State University ,"1905 University Ave Huntsville, TX 77340",1905 University Ave,,Huntsville,TX,77340,,30.7133,-95.55028,649,South,Texas
San Antonio College,"1819 N Main Ave San Antonio, TX 78212",1819 N Main Ave,,San Antonio,TX,78212,,29.446188,-98.494335,650,South,Texas
San Diego State University,"5500 Campanile Dr San Diego, CA 92182",5500 Campanile Dr,,San Diego,CA,92182,,32.77215,-117.07253,187,West,California
San Francisco Art Institute,"800 Chestnut St San Francisco, CA 94133",800 Chestnut St,,San Francisco,CA,94133,,37.80374,-122.41719,651,West,California
San Francisco State University,"1600 Holloway Ave San Francisco, CA 94132",1600 Holloway Ave,,San Francisco,CA,94132,,37.72094,-122.47708,188,West,California
San Jose State University,"1 Washington Sq San Jose, CA 95192",1 Washington Sq,,San Jose,CA,95192,,37.333927,-121.880442,189,West,California
Santa Ana College,"1530 W 17th St Santa Ana, CA 92706",1530 W 17th St,,Santa Ana,CA,92706,,33.75992,-117.89008,686,West,California
Santa Clara University,"500 El Camino Real Santa Clara, CA 95053",500 El Camino Real,,Santa Clara,CA,95053,,37.35181,-121.93739,190,West,California
Santa Monica College,"1900 Pico Blvd Los Angeles, CA 90405",1900 Pico Blvd,,Los Angeles,CA,90405,,34.018867,-118.470294,492,West,California
Santa Rosa Junior College,"1501 Mendocino Ave Santa Rosa, CA 95401",1501 Mendocino Ave,,Santa Rosa,CA,95401,,38.45529,-122.71975,519,West,California
Sarah Lawrence College,"1 Mead Way Bronxville, NY 10708",1 Mead Way,,Bronxville,NY,10708,,40.93449,-73.84356,340,Northeast,New York
Saybrook University,"55 W Eureka St Pasadena, CA 91103",55 W Eureka St,,Pasadena,CA,91103,,34.15319,-118.15157,652,West,California
School of the Art Institute of Chicago,"116 S Michigan Ave Chicago, IL 60603",116 S Michigan Ave,,Chicago,IL,60603,,41.88022,-87.62497,191,Midwest,Illinois
Seattle University,"901 12th Avenue Seattle, WA 98122",901 12th Avenue,,Seattle,WA,98122,,47.61066,-122.31712,192,West,Washington
Seton Hall University,"400 W S Orange Ave South Orange, NJ 7079",400 W S Orange Ave,,South Orange,NJ,7079,,40.74782,-74.27071,193,Northeast,New Jersey
Shaw University,"118 E South St Raleigh, NC 27601",118 E South St,,Raleigh,NC,27601,,35.77199,-78.63823,654,South,North Carolina
Shenandoah University,"1460 University Dr Winchester, VA 22601",1460 University Dr,,Winchester,VA,22601,,39.16643,-78.1576,768,Northeast,Virginia
Siena College,"515 Loudon Rd Loudonville, NY 12211",515 Loudon Rd,,Loudonville,NY,12211,,42.71782,-73.75027,655,Northeast,New York
Simmons University,"300 Fenway Boston, MA 2115",300 Fenway,,Boston,MA,2115,,42.33924,-71.09955,381,Northeast,Massachusetts
Simpson College,"701 N C St Indianola, IA 50125",701 N C St,,Indianola,IA,50125,,41.36541,-93.56368,558,Midwest,Iowa
Skidmore College,"815 N Broadway Saratoga Springs, NY 12866",815 N Broadway,,Saratoga Springs,NY,12866,,43.09527,-73.77997,460,Northeast,New York
Smith College,"7 College Ln. Northhampton, MA 1063",7 College Ln.,,Northhampton,MA,1063,,42.31973,-72.64085,194,Northeast,Massachusetts
Solano Community College,"4000 Suisun Valley Road Fairfield, CA 94534",4000 Suisun Valley Road,,Fairfield,CA,94534,,38.23268,-122.12632,461,West,California
Southeastern Louisiana University,"500 W University Ave Hammond, LA 70402",500 W University Ave,,Hammond,LA,70402,,30.51934,-90.46979,657,South,Louisiana
Southern Connecticut State University,"501 Crescent St. New Haven, CT 06515",501 Crescent St.,,New Haven,CT,06515,,41.33112,-72.94771,565,Northeast,Connecticut
Southern Illinois University Carbondale,"1263 Lincoln Dr Carbondale, IL 62901",1263 Lincoln Dr,,Carbondale,IL,62901,,37.713826,-89.217543,758,Midwest,Illinois
Southern Illinois University Edwardsville,"1 Hairpin Dr. Edwarsville, IL 62025",1 Hairpin Dr.,,Edwarsville,IL,62025,,38.79429,-89.9989,195,Midwest,Illinois
Southern Methodist University,"6425 Boaz Lane Dallas, TX 75205",6425 Boaz Lane,,Dallas,TX,75205,,32.844338,-96.78585,196,South,Texas
Southern Oregon University,"1250 Siskiyou Blvd. Ashland, OR 97520",1250 Siskiyou Blvd.,,Ashland,OR,97520,,42.18575,-122.69434,549,West,Oregon
Southern Utah University,"351 W University Blvd Cedar City, UT 84720",351 W University Blvd,,Cedar City,UT,84720,,37.67523,-113.06726,197,West,Utah
Southwestern College - Professional Studies,"2800 S Rock Rd Wichita, KS 67210",2800 S Rock Rd,,Wichita,KS,67210,,37.64248,-97.24432,669,Midwest,Kansas
Spelman College,"350 Spelman Ln Atlanta, GA 30314",350 Spelman Ln,,Atlanta,GA,30314,,33.745398,-84.408782,198,South,Georgia
Stanford University,"450 Serra Mall Stanford, CA 94305",450 Serra Mall,,Stanford,CA,94305,,37.42765,-122.17006,202,West,California
State University of New York (SUNY) System,"353 Broadway Albany, NY 12246",353 Broadway,,Albany,NY,12246,,42.64118,-73.75117,462,Northeast,New York
St. Cloud State University,"720 4th Ave S St. Cloud, MN 56301",720 4th Ave S,,St. Cloud,MN,56301,,45.55218,-94.15241,199,Midwest,Minnesota
St. Edward's University,"3001 S Congress Ave Austin, TX 78704",3001 S Congress Ave,,Austin,TX,78704,,30.23218,-97.75833,559,South,Texas
St. John's College,"60 College Ave Annapolis, MD 21401",60 College Ave,,Annapolis,MD,21401,,38.98252,-76.49263,658,South,Maryland
St. John's University,"8000 Utopia Pkwy Jamaica, NY 11439",8000 Utopia Pkwy,,Jamaica,NY,11439,,40.725504,-73.791797,520,Northeast,New York
St. Joseph's College,"278 Whites Bridge Road Standish, ME 04084",278 Whites Bridge Road,,Standish,ME,04084,,43.82661,-70.48039,200,West,California
St. Joseph's University,"5600 City Ave Philadelphia, PA 19131",5600 City Ave,,Philadelphia,PA,19131,,39.99375,-75.23947,522,Northeast,Pennsylvania
St. Lawrence University,"23 Romoda Dr Canton, NY 13617",23 Romoda Dr,,Canton,NY,13617,,44.59353,-75.16,456,Northeast,New York
St. Louis University,"One North Grand Blvd. St. Louis, MO 63103",One North Grand Blvd.,,St. Louis,MO,63103,,38.634945,-90.233458,457,Midwest,Missouri
St. Martin University,"5000 Abbey Way SE Lacey, WA 98503",5000 Abbey Way SE,,Lacey,WA,98503,,47.04075,-122.81544,458,West,Washington
"St. Mary, College of Maryland","47645 College Dr St Marys City, MD 20686",47645 College Dr,,St Marys City,MD,20686,,38.19059,-76.427656,459,South,Maryland
Stockton University,"101 Vera King Farris Dr Galloway, NJ 8205",101 Vera King Farris Dr,,Galloway,NJ,8205,,39.491,-74.52766,203,Northeast,New Jersey
St. Olaf College,"1520 St Olaf Ave Northfield, MN 55057",1520 St Olaf Ave,,Northfield,MN,55057,,44.46255,-93.18509,201,Midwest,Minnesota
Stonehill College,"320 Washington St North Easton, MA 02357",320 Washington St,,North Easton,MA,02357,,42.05999,-71.07949,752,Northeast,Massachusetts
St. Scholastica College,"1200 Kenwood Ave Duluth, MN 55811",1200 Kenwood Ave,,Duluth,MN,55811,,46.8185,-92.10021,493,Midwest,Minnesota
St. Xavier University,"3700 W 103rd St Chicago, IL 60655",3700 W 103rd St,,Chicago,IL,60655,,41.70794,-87.71546,186,Midwest,Illinois
Suffolk University,"8 Ashburton Pl Boston, MA 2108",8 Ashburton Pl,,Boston,MA,2108,,42.359,-71.06196,204,Northeast,Massachusetts
Sullivan University,"3101 Bardstown Rd Louisville, KY 40205",3101 Bardstown Rd,,Louisville,KY,40205,,38.21314,-85.67061,467,South,Kentucky
Sul Ross State University,"79830 US-90 Alpine, TX 79830",79830 US-90,,Alpine,TX,79830,,30.35784,-103.66158,466,South,Texas
SUNY Alfred State,"10 Upper College Dr Alfred, NY 14802",10 Upper College Dr,,Alfred,NY,14802,,42.254617,-77.794265,205,Northeast,New York
SUNY at Albany,"1400 Washington Avenue Albany, NY 12222",1400 Washington Avenue,,Albany,NY,12222,,42.65602,-73.76087,206,Northeast,New York
SUNY Binghamton,"4400 Vestal Pkwy E, Binghamton, NY 13902","4400 Vestal Pkwy E,",,Binghamton,NY,13902,,42.0913,-75.94668,383,Northeast,New York
SUNY Brockport,"350 New Campus Dr Brockport, NY 14420",350 New Campus Dr,,Brockport,NY,14420,,43.20929,-77.95071,463,Northeast,New York
SUNY Buffalo,"12 Capen Hall Buffalo, NY 14260",12 Capen Hall,,Buffalo,NY,14260,,43.000464,-78.789354,207,Northeast,New York
SUNY College of Environmental Science and Forestry,"1 Forestry Dr Syracuse, NY 13210",1 Forestry Dr,,Syracuse,NY,13210,,43.03515,-76.13691,762,Northeast,New York
SUNY Cortland,"38 Graham Avenue Cortland, NY 13045",38 Graham Avenue,,Cortland,NY,13045,,42.600524,-76.187552,208,Northeast,New York
SUNY Empire State College,"2 Union Ave Saratoga Springs, NY 12866",2 Union Ave,,Saratoga Springs,NY,12866,,43.07767,-73.78265,609,Northeast,New York
SUNY Fashion Institute of Technology,"227 W 27th St New York, NY 10001",227 W 27th St,,New York,NY,10001,,40.74721,-73.99487,670,Northeast,New York
SUNY Geneseo,"1 College Cir Geneseo, NY 14454",1 College Cir,,Geneseo,NY,14454,,42.795396,-77.819448,209,Northeast,New York
SUNY New Paltz,"1 Hawk Dr New Paltz, NY 12561",1 Hawk Dr,,New Paltz,NY,12561,,41.73835,-74.09078,384,Northeast,New York
SUNY Old Westbury,"223 Store Hill Road Campus Center H-310 Old Westbury, NY 11568",223 Store Hill Road Campus Center H-310,,Old Westbury,NY,11568,,40.78029,-73.57834,660,Northeast,New York
SUNY Oneonta,"108 Ravine Pkwy. Oneonta, NY 13820",108 Ravine Pkwy.,,Oneonta,NY,13820,,42.4677,-75.06416,569,Northeast,New York
SUNY Oswego,"7060 State Route 104 Oswego, NY 13126",7060 State Route 104,,Oswego,NY,13126,,43.44658,-76.5421,770,Northeast,New York
SUNY Plattsburgh,"101 Broad St. Plattsburgh, NY 12901",101 Broad St.,,Plattsburgh,NY,12901,,44.69521,-73.45829,210,Northeast,New York
SUNY Purchase,"735 Anderson Hill Rd Purchase, NY 10577",735 Anderson Hill Rd,,Purchase,NY,10577,,41.03893,-73.69585,211,Northeast,New York
SUNY Stony Brook,"100 Nicolls Rd Stony Brook, NY 11794",100 Nicolls Rd,,Stony Brook,NY,11794,,40.91435,-73.11632,212,Northeast,New York
SUNY Upstate Medical University,"750 E Adams St Syracuse, NY 13210",750 E Adams St,,Syracuse,NY,13210,,43.04216,-76.14025,779,Northeast,New York
Susquehanna University,"514 University Ave Selinsgrove, PA 17870",514 University Ave,,Selinsgrove,PA,17870,,40.79976,-76.87041,213,Northeast,Pennsylvania
Swarthmore College,"500 College Ave Swarthmore, PA 19081",500 College Ave,,Swarthmore,PA,19081,,39.90641,-75.35187,214,Northeast,Pennsylvania
Syracuse University,"716 East Washington Street Syracuse, NY 13210",716 East Washington Street,,Syracuse,NY,13210,,43.04931,-76.14122,215,Northeast,New York
Tacoma Community College,"6501 S 19th St Tacoma, WA 98466",,6501 S 19th St,Tacoma,WA,98466,,47.24649,-122.5213,771,West,Washington
Tarrant County Community College,"1500 Houston St Fort Worth, TX 76102",1500 Houston St,,Fort Worth,TX,76102,,32.74736,-97.32782,529,South,Texas
Temple University,"1801 N Broad St Philadelphia, PA 19122",1801 N Broad St,,Philadelphia,PA,19122,,39.98027,-75.15705,216,Northeast,Pennsylvania
Texas A & M University,"400 Bizzell St College Station, TX 77843",400 Bizzell St,,College Station,TX,77843,,30.61213,-96.3315,217,South,Texas
Texas Christian University,"2800 S University Dr Forth Worth, TX 76129",2800 S University Dr,,Forth Worth,TX,76129,,32.711522,-97.360565,218,South,Texas
Texas State University,"601 University Dr San Marcos, TX 78666",601 University Dr,,San Marcos,TX,78666,,29.88564,-97.94148,219,South,Texas
 Texas Tech University,"2500 Broadway Lubbock, TX 79409",2500 Broadway,,Lubbock,TX,79409,,33.584665,-101.87087,718,South,Texas
The Julliard School,"60 Lincoln Center Plaza New York, NY 10023",60 Lincoln Center Plaza,,New York,NY,10023,,40.77287,-73.98253,671,Northeast,New York
The New School,"72 Fifth Avenue New York, NY 10011",72 Fifth Avenue,,New York,NY,10011,,40.73673,-73.99284,220,Northeast,New York
Thomas Jefferson University,"4201 Henry Ave Philadelphia, PA 19144",4201 Henry Ave,,Philadelphia,PA,19144,,40.022286,-75.194371,518,Northeast,Pennsylvania
Tompkins Cortland Community College,"170 North St Dryden, NY 13053",170 North St,,Dryden,NY,13053,,42.5029,-76.29771,221,Northeast,New York
Touro University,"3 Times Sq. New York, NY 10036",3 Times Sq.,,New York,NY,10036,,40.75657,-73.98706,774,Northeast,New York
Towson University,"8000 York Rd Towson, MD 21252",8000 York Rd,,Towson,MD,21252,,39.396027,-76.603475,222,South,Maryland
Trinity College,"300 Summit Street Hartford, CT 6106",300 Summit Street,,Hartford,CT,6106,,41.750351,-72.692858,223,Northeast,Connecticut
Trinity University,"1 Trinity Pl San Antonio, TX 78212",1 Trinity Pl,,San Antonio,TX,78212,,29.46319,-98.481471,224,South,Texas
Truckee Meadows Community College,"7000 Dandini Blvd Reno, NV 89512",7000 Dandini Blvd,,Reno,NV,89512,,39.57386,-119.79899,538,West,Nevada
Tufts University,"419 Boston Ave. Medford, MA 2155",419 Boston Ave.,,Medford,MA,2155,,42.416332,-71.129303,225,Northeast,Massachusetts
Tulane University,"6823 St Charles Ave New Orleans, LA 70118",6823 St Charles Ave,,New Orleans,LA,70118,,29.93661,-90.12199,226,South,Louisiana
Union College,"807 Union St Schenectady, NY 12308",807 Union St,,Schenectady,NY,12308,,42.81758,-73.92852,468,Northeast,New York
University of Akron,"Simmons Hall 109 Akron, OH 44325",Simmons Hall 109,,Akron,OH,44325,,41.078602,-81.511632,469,Midwest,Ohio
University of Alabama,"801 Campus Drive Tuscaloosa, AL 35487",801 Campus Drive,,Tuscaloosa,AL,35487,,33.21454,-87.54683,470,South,Alabama
"University of Alabama, Birmingham","1720 2nd Ave South Birmingham, AL 35294",1720 2nd Ave,,South Birmingham,AL,35294,,33.49679,-86.83216,385,South,Alabama
"University of Alabama, Huntsville","301 Sparkman Drive Huntsville, AL 35899",301 Sparkman Drive,,Huntsville,AL,35899,,34.723368,-86.643931,227,South,Alabama
University of Arizona,"714 E Van Buren Street Phoenix, AZ 85006",714 E Van Buren Street,,Phoenix,AZ,85006,,33.45166,-112.06401,228,West,Arizona
University of Arkansas,"Administration Bldg 422 Fayetteville, AR 72701",Administration Bldg 422,,Fayetteville,AR,72701,,36.06325,-94.16437,471,South,Arkansas
University of California Berkeley,"110 Sproul Hall Berkeley, CA 94720",110 Sproul Hall,,Berkeley,CA,94720,,37.86933,-122.259105,229,West,California
University of California Davis,"1 Shields Ave Davis, CA 95616",1 Shields Ave,,Davis,CA,95616,,38.540861,-121.74742,230,West,California
University of California Hastings,"200 McAllister St San Francisco, CA 94102",200 McAllister St,,San Francisco,CA,94102,,37.78082,-122.41556,231,West,California
University of California Irvine,"260 Aldrich Hall Irvine, CA 92697",260 Aldrich Hall,,Irvine,CA,92697,,33.64764,-117.84081,232,West,California
University of California Los Angeles,"1147 Murphy Hall Los Angeles, CA 90095",1147 Murphy Hall,,Los Angeles,CA,90095,,34.071609,-118.438708,233,West,California
University of California Merced,"5200 Lake Rd Merced, CA 95340",5200 Lake Rd,,Merced,CA,95340,,37.36329,-120.43222,234,West,California
University of California Riverside,"900 University Ave Riverside, CA 92521",900 University Ave,,Riverside,CA,92521,,33.975525,-117.331157,235,West,California
University of California San Diego,"9500 Gilman Dr La Jolla, CA 92093",9500 Gilman Dr,,La Jolla,CA,92093,,32.87693,-117.23654,236,West,California
University of California San Francisco,"2130 Fulton St. San Francisco, CA 94117",2130 Fulton St.,,San Francisco,CA,94117,,37.77644,-122.45013,387,West,California
University of California Santa Barbara,"1210 Cheadle Hall Santa Barbara, CA 93106",1210 Cheadle Hall,,Santa Barbara,CA,93106,,34.415825,-119.846157,237,West,California
University of California Santa Cruz,"1156 High St Santa Cruz, CA 95064",1156 High St,,Santa Cruz,CA,95064,,36.97746,-122.05226,238,West,California
University of California System,"1111 Franklin St Oakland, CA 94607",1111 Franklin St,,Oakland,CA,94607,,37.80229,-122.27146,239,West,California
University of Central Florida,"4000 Central Florida Blvd Orlando, FL 32816",4000 Central Florida Blvd,,Orlando,FL,32816,,28.59677,-81.20343,240,South,Florida
University of Chicago,"5801 South Ellis Avenue Chicago, IL 60637",5801 South Ellis Avenue,,Chicago,IL,60637,,41.79005,-87.59981,241,Midwest,Illinois
University of Cincinnati,"2600 Clifton Ave. Cincinnati, OH 45221",2600 Clifton Ave.,,Cincinnati,OH,45221,,39.130014,-84.520467,388,Midwest,Ohio
University of Colorado Boulder,"3100 Marine Street Boulder, CO 80303",3100 Marine Street,,Boulder,CO,80303,,40.013484,-105.252629,242,West,Colorado
University of Colorado Colorado Springs,"1420 Austin Bluffs Pkwy Colorado Springs, CO 80918",1420 Austin Bluffs Pkwy,,Colorado Springs,CO,80918,,38.89133,-104.80004,573,West,Colorado
"University of Colorado, Denver","1201 Larimer St Denver, CO 80204",1201 Larimer St,,Denver,CO,80204,,39.74644,-105.00232,243,West,Colorado
University of Colorado System,"1800 Grant St., Suite 800 Denver, CO 80203","1800 Grant St., Suite 800",,Denver,CO,80203,,39.90921,-104.98129,472,West,Colorado
University of Connecticut,"2131 Hillside Road Storrs, CT 6269",2131 Hillside Road,,Storrs,CT,6269,,41.80588,-72.254345,244,Northeast,Connecticut
University of Dayton,"300 College Park Dayton, OH 45469",300 College Park,,Dayton,OH,45469,,39.74078,-84.17993,245,Midwest,Ohio
University of Delaware,"210 South College Ave. Newark, DE 19716",210 South College Ave.,,Newark,DE,19716,,39.682348,-75.753485,246,South,Delaware
University of Denver,"2150 E. Evans Avenue Denver, CO 80208",2150 E. Evans Avenue,,Denver,CO,80208,,39.67788,-104.96177,247,West,Colorado
University of Detroit Mercy,"4001 W McNichols Rd Detroit, MI 48221",4001 W McNichols Rd,,Detroit,MI,48221,,42.41485,-83.13789,389,Midwest,Michigan
"University of Florida, Gainesville","201 Criser Hall Gainsville, FL 32611",201 Criser Hall,,Gainsville,FL,32611,,29.64427,-82.3468,248,South,Florida
University of Georgia,"210 South Jackson Street Athens, GA 30602",210 South Jackson Street,,Athens,GA,30602,,33.957175,-83.374196,249,South,Georgia
University of Hartford,"200 Bloomfield Ave West Hartfort, CT 6117",200 Bloomfield Ave,,West Hartfort,CT,6117,,41.7954,-72.71331,473,Northeast,Connecticut
University of Hawaii Manoa,"2500 Campus Rd Honolulu, HI 96822",2500 Campus Rd,,Honolulu,HI,96822,,21.2995,-157.82016,474,West,Hawaii
University of Hawaii West O'Ahu,"91-1001 Farrington Hwy Kapolei, HI 96707",91-1001 Farrington Hwy,,Kapolei,HI,96707,,34.25393,-79.77883,475,West,Hawaii
University of Houston,"4434 University Drive Houston, TX 77204",4434 University Drive,,Houston,TX,77204,,29.72001,-95.34279,250,South,Texas
"University of Houston, Clear Lake","2700 Bay Area Blvd Houston, TX 77058",2700 Bay Area Blvd,,Houston,TX,77058,,29.57832,-95.10596,564,South,Texas
University of Illinois at Chicago,"1200 W Harrison St Chicago, IL 60607",1200 W Harrison St,,Chicago,IL,60607,,41.874454,-87.657046,251,Midwest,Illinois
University of Illinois at Springfield,"One William Maxwell Ln Springfield, IL 62703",One William Maxwell Ln,,Springfield,IL,62703,,39.72773,-89.61444,476,Midwest,Illinois
University of Illinois System,"1737 W. Polk St. Chicago, IL 60612",1737 W. Polk St.,,Chicago,IL,60612,,41.871415,-87.670584,477,Midwest,Illinois
University of Illinois Urbana Champaign,"901 West Illinois Street Urbana, IL 61801",901 West Illinois Street,,Urbana,IL,61801,,40.108945,-88.219489,252,Midwest,Illinois
University of Indianapolis,"1400 E Hanna Ave Indianapolis, IN 46227",1400 E Hanna Ave,,Indianapolis,IN,46227,,39.71017,-86.13304,253,Midwest,Indiana
University of Iowa,"107 Calvin Hall Iowa City, IA 52242",107 Calvin Hall,,Iowa City,IA,52242,,41.662635,-91.536432,254,Midwest,Iowa
University of Kansas,"1450 Jayhawk Blvd Lawrence, KS 66045",1450 Jayhawk Blvd,,Lawrence,KS,66045,,38.95857,-95.24767,255,Midwest,Kansas
University of Kentucky,"100 Funkhouser Building Lexington, KY 40506",100 Funkhouser Building,,Lexington,KY,40506,,38.03934,-84.50647,256,South,Kentucky
University of La Verne,"1950 3rd St La Verne, CA 91750",1950 3rd St,,La Verne,CA,91750,,34.09972,-117.77291,478,West,California
University of Louisville,"2301 S 3rd St Louisville, KY 40292",2301 S 3rd St,,Louisville,KY,40292,,38.256226,-85.754729,257,South,Kentucky
University of Maine,"5713 Chadbourne Hall Orono, ME 4469",5713 Chadbourne Hall,,Orono,ME,4469,,44.90073,-68.66171,258,Northeast,Maine
"University of Maine, Farmington","224 Main St Farmington, ME 04938",224 Main St,,Farmington,ME,04938,,44.66889,-70.14971,661,Northeast,Maine
University of Maryland,"1113 Mitchell Building College Park, MD 20742",1113 Mitchell Building,,College Park,MD,20742,,38.987713,-76.938793,260,South,Maryland
University of Maryland Baltimore County,"1000 Hilltop Cir Baltimore, MD 21250",1000 Hilltop Cir,,Baltimore,MD,21250,,39.251637,-76.71104,261,South,Maryland
University of Maryland Francis King Carey School of Law,"500 W. Baltimore Street Baltimore, MD 21201-1786",500 W. Baltimore Street,,Baltimore,MD,21201-1786,,39.28971,-76.6229,753,Northeast,Maryland
University of Mary Washington,"1301 College Ave Fredericksburg, VA 22401",1301 College Ave,,Fredericksburg,VA,22401,,38.30078,-77.47405,259,South,Virginia
University of Massachusetts Amherst,"37 Mather Drive Amherst, MA 1003",37 Mather Drive,,Amherst,MA,1003,,42.39499,-72.511242,262,Northeast,Massachusetts
University of Massachusetts Boston,"100 William T Morrissey Blvd Boston, MA 2125",100 William T Morrissey Blvd,,Boston,MA,2125,,42.31655,-71.04807,263,Northeast,Massachusetts
University of Massachusetts Chan Medical School,"55 N Lake Ave Worcester, MA 01655",55 N Lake Ave,,Worcester,MA,01655,,42.27869,-71.75915,684,Northeast,Massachusetts
University of Massachusetts Dartmouth,"285 Old Westport Rd North Dartmouth, MA 2747",285 Old Westport Rd,,North Dartmouth,MA,2747,,41.6336,-71.0081,344,Northeast,Massachusetts
University of Massachusetts Lowell,"220 Pawtucket St Lowell, MA 01854",220 Pawtucket St,,Lowell,MA,01854,,42.64993,-71.32342,662,Northeast,Massachusetts
University of Memphis,"3720 Alumni Ave Memphis, TN 38152",3720 Alumni Ave,,Memphis,TN,38152,,35.118579,-89.939568,345,South,Tennessee
University of Miami,"1320 S Dixie Hwy Coral Gables, FL 33146",1320 S Dixie Hwy,,Coral Gables,FL,33146,,25.71338,-80.27729,264,South,Florida
University of Michigan,"515 East Jefferson Street Ann Arbor, MI 48109",515 East Jefferson Street,,Ann Arbor,MI,48109,,42.27674,-83.74267,265,Midwest,Michigan
University of Michigan - Dearborn,"4901 Evergreen Rd Dearborn, MI 48128",4901 Evergreen Rd,,Dearborn,MI,48128,,42.31728,-83.23359,266,Midwest,Michigan
University of Michigan - Flint,"303 E Kearsley St Flint, MI 48502",303 E Kearsley St,,Flint,MI,48502,,43.01955,-83.68732,267,Midwest,Michigan
University of Minnesota Twin Cities,"231 Pillsbury Dr. S.E. Minneapolis, MN 55455",231 Pillsbury Dr. S.E.,,Minneapolis,MN,55455,,44.97795,-93.23551,268,Midwest,Minnesota
University of Mississippi,"145 Martindale University, MS 38677",145 Martindale,,University,MS,38677,,34.36667,-89.53387,269,South,Mississippi
University of Missouri,"1 University Blvd. St. Louis, MO 63121",1 University Blvd.,,St. Louis,MO,63121,,38.708478,-90.31127,270,Midwest,Missouri
University of Missouri Columbia,"205 Jesse Hall Columbia, MO 65211",205 Jesse Hall,,Columbia,MO,65211,,38.944539,-92.329406,271,Midwest,Missouri
University of Missouri-Kansas City,"5000 Holmes St. Kansas City, MO 64110",5000 Holmes St.,,Kansas City,MO,64110,,39.03532,-94.57809,756,Midwest,Missouri
University of Missouri System- St. Louis,"1 University Blvd. St. Louis, MO 63121",1 University Blvd.,,St. Louis,MO,63121,,38.708478,-90.31127,346,Midwest,Missouri
University of Montana,"101 Lommasson Center Missoula, MT 59812",101 Lommasson Center,,Missoula,MT,59812,,46.86135,-113.98128,341,West,Montana
"University of Nebraska, Lincoln","1400 R St Lincoln, NE 68588",1400 R St,,Lincoln,NE,68588,,40.81763,-96.7001,342,Midwest,Nebraska
"University of Nebraska, Omaha","6001 Dodge St Omaha, NE 68182",6001 Dodge St,,Omaha,NE,68182,,41.2578,-96.01035,272,Midwest,Nebraska
University of Nevada Las Vegas,"4505 S. Maryland Pkwy. Las Vegas, NV 89154",4505 S. Maryland Pkwy.,,Las Vegas,NV,89154,,36.10951,-115.14194,273,West,Nevada
"University of Nevada, Reno","1664 N Virginia St Reno, NV 89557",1664 N Virginia St,,Reno,NV,89557,,39.547643,-119.820868,274,West,Nevada
University of New Hampshire,"105 Main St Durham, NH 3824",105 Main St,,Durham,NH,3824,,43.13716,-70.93294,275,Northeast,New Hampshire
University of New Mexico,"1155 University Blvd. SE Albuquerque, NM 87106",1155 University Blvd. SE,,Albuquerque,NM,87106,,35.06966,-106.63186,276,West,New Mexico
University of New Orleans,"2000 Lakeshore Dr New Orleans, LA 70148",2000 Lakeshore Dr,,New Orleans,LA,70148,,30.0285,-90.06774,277,South,Louisiana
University of North Alabama,"1 Harrison Plaza Florence, AL 35632",1 Harrison Plaza,,Florence,AL,35632,,34.808531,-87.679055,581,South,Alabama
University of North Carolina Asheville,"1 University Heights Asheville, NC 28804",1 University Heights,,Asheville,NC,28804,,35.61449,-82.56199,279,South,North Carolina
University of North Carolina Chapel Hill,"153A Country Club Road Chapel Hill, NC 27514",153A Country Club Road,,Chapel Hill,NC,27514,,35.91145,-79.0421,280,South,North Carolina
University of North Carolina Charlotte,"9201 University City Blvd Charlotte, NC 28223",9201 University City Blvd,,Charlotte,NC,28223,,35.302708,-80.72919,281,South,North Carolina
University of North Carolina Greensboro,"1400 Spring Garden St Greensboro, NC 27412",1400 Spring Garden St,,Greensboro,NC,27412,,36.06559,-79.81305,282,South,North Carolina
"University of North Carolina, Wilmington","601 S. College Rd Wilmington, NC 28403",601 S. College Rd,,Wilmington,NC,28403,,34.226901,-77.879249,509,South,North Carolina
University of Northern Colorado,"501 20th St Greeley, CO 80639",501 20th St,,Greeley,CO,80639,,40.40624,-104.68577,557,West,Colorado
University of North Florida,"1 UNF Drive Jacksonville, FL 32224",1 UNF Drive,,Jacksonville,FL,32224,,30.27067,-81.51043,283,South,Florida
University of North Texas,"1155 Union Cir Denton, TX 76203",1155 Union Cir,,Denton,TX,76203,,33.210839,-97.146375,348,South,Texas
University of Notre Dame,"220 Main Building Notre Dame, IN 46556",220 Main Building,,Notre Dame,IN,46556,,41.703175,-86.238782,284,Midwest,Indiana
University of Oklahoma,"660 Parrington Oval Norman, OK 73019",660 Parrington Oval,,Norman,OK,73019,,35.210337,-97.446095,349,South,Oklahoma
University of Oregon,"1585 E 13th Ave Eugene, OR 97403",1585 E 13th Ave,,Eugene,OR,97403,,44.045645,-123.070044,285,West,Oregon
University of Pennsylvania,"3451 Walnut Street Philadelphia, PA 19104",3451 Walnut Street,,Philadelphia,PA,19104,,39.953145,-75.193907,286,Northeast,Pennsylvania
University of Pittsburgh,"4200 Fifth Ave. Pittsburgh, PA 15260",4200 Fifth Ave.,,Pittsburgh,PA,15260,,40.44461,-79.95259,287,Northeast,Pennsylvania
University of Portland,"5000 N Willamette Blvd Portland, OR 97203",5000 N Willamette Blvd,,Portland,OR,97203,,45.57448,-122.72499,553,West,Oregon
University of Puget Sound,"1500 N Warner St Tacoma, WA 98416",1500 N Warner St,,Tacoma,WA,98416,,47.26419,-122.48124,288,West,Washington
University of Redlands,"1200 E Colton Ave Redlands, CA 92373",1200 E Colton Ave,,Redlands,CA,92373,,34.06266,-117.1639,575,West,California
University of Rhode Island,"95 Upper College Road Kingston, RI 2881",95 Upper College Road,,Kingston,RI,2881,,41.48277,-71.52543,289,Northeast,Rhode Island
University of Richmond,"28 Westhampton Way Richmond, VA 23173",28 Westhampton Way,,Richmond,VA,23173,,37.574686,-77.541593,350,South,Virginia
University of Rochester,"500 Joseph C. Wilson Blvd. Rochester, NY 14627",500 Joseph C. Wilson Blvd.,,Rochester,NY,14627,,43.133353,-77.619348,290,Northeast,New York
University of San Diego,"5998 Alcala Park San Diego, CA 92110",5998 Alcala Park,,San Diego,CA,92110,,32.772026,-117.186161,291,West,California
University of San Francisco,"2130 Fulton St San Francisco, CA 94117",2130 Fulton St,,San Francisco,CA,94117,,37.77644,-122.45013,546,West,California
University of South Alabama,"307 North University Boulevard Mobile, AL 36608",307 North University Boulevard,,Mobile,AL,36608,,30.69488,-88.17409,483,South,Alabama
University of South Carolina,"902 Sumter Street Columbia, SC 29208",902 Sumter Street,,Columbia,SC,29208,,33.986892,-81.025511,292,South,South Carolina
University of South Dakota,"414 E Clark St Vermillion, SD 57069",414 E Clark St,,Vermillion,SD,57069,,42.782626,-96.925676,293,Midwest,South Dakota
University of Southern California,"3607 Trousdale Pkwy Los Angeles, CA 90089",3607 Trousdale Pkwy,,Los Angeles,CA,90089,,34.019739,-118.285748,295,West,California
University of Southern Indiana,"8600 University Blvd Evansville, IN 47712",8600 University Blvd,,Evansville,IN,47712,,37.96204,-87.67774,296,Midwest,Indiana
University of Southern Maine,"96 Falmouth St Portland, ME 04103",96 Falmouth St,,Portland,ME,04103,,43.66218,-70.27767,582,Northeast,Maine
University of Southern Mississippi,"118 College Dr. Hattiesburg, MS 39406",118 College Dr.,,Hattiesburg,MS,39406,,31.327925,-89.332076,351,South,Mississippi
University of South Florida,"4202 E Fowler Ave Tampa, FL 33620",4202 E Fowler Ave,,Tampa,FL,33620,,28.05471,-82.413,294,South,Florida
University of St. Thomas,"2115 Summit Ave St Paul, MN 55105",2115 Summit Ave,,St Paul,MN,55105,,44.94391,-93.19001,498,Midwest,Minnesota
University of Tampa,"401 W Kennedy Blvd Tampa, FL 33606",401 W Kennedy Blvd,,Tampa,FL,33606,,27.9467,-82.46002,352,South,Florida
University of Tennessee at Chattanooga,"615 McCallie Ave Chattanooga, TN 37403",615 McCallie Ave,,Chattanooga,TN,37403,,35.045714,-85.30066,297,South,Tennessee
"University of Tennessee, Knoxville","Circle Park Dr. Knoxville, TN 37996",Circle Park Dr.,,Knoxville,TN,37996,,35.392452,-93.373788,298,South,Tennessee
University of Texas Arlington,"701 W Nedderman Dr Arlington, TX 76019",701 W Nedderman Dr,,Arlington,TX,76019,,32.730489,-97.116265,299,South,Texas
University of Texas Austin,"110 Inner Campus Drive Austin, TX 78705",110 Inner Campus Drive,,Austin,TX,78705,,30.28651,-97.739513,300,South,Texas
University of Texas Dallas,"800 W Campbell Rd Richardson, TX 75080",800 W Campbell Rd,,Richardson,TX,75080,,32.97979,-96.75187,393,South,Texas
University of Texas El Paso,"500 W University Ave El Paso, TX 79968",500 W University Ave,,El Paso,TX,79968,,31.77121,-106.50299,583,South,Texas
University of Texas Rio Grande Valley,"1201 W University Dr Edinburg, TX 78539",1201 W University Dr,,Edinburg,TX,78539,,26.3052,-98.17597,584,South,Texas
University of Texas San Antonio,"1 UTSA Circle San Antonio, TX 78712",1 UTSA Circle,,San Antonio,TX,78712,,29.5844,-98.61761,301,South,Texas
University of the District of Columbia ,"4200 Connecticut Ave NW Washington, DC 20008",4200 Connecticut Ave NW,,Washington,DC,20008,,38.944024,-77.06361,682,Northeast,"Washington, D.C."
University of the Pacific,"3601 Pacific Ave Stockton, CA 95211",3601 Pacific Ave,,Stockton,CA,95211,,37.98005,-121.31241,353,West,California
University of the South,"735 University Ave Sewanee, TN 37383",735 University Ave,,Sewanee,TN,37383,,35.20473,-85.92161,354,South,Tennessee
University of the West,"1409 Walnut Grove Ave Rosemead, CA 91770",1409 Walnut Grove Ave,,Rosemead,CA,91770,,34.04528,-118.08287,356,West,California
University of Toledo,"2801 W. Bancroft Toledo, OH 43606",2801 W. Bancroft,,Toledo,OH,43606,,41.66299,-83.61048,302,Midwest,Ohio
University of Utah,"201 Presidents Cir Salt Lake City, UT 84112",201 Presidents Cir,,Salt Lake City,UT,84112,,40.76537,-111.849399,303,West,Utah
University of Vermont,"85 South Prospect Street Burlington, VT 5405",85 South Prospect Street,,Burlington,VT,5405,,44.47828,-73.20107,304,Northeast,Vermont
University of Virginia,"190 McCormick Road Charlottesville, VA 22903",190 McCormick Road,,Charlottesville,VA,22903,,38.035969,-78.505082,305,South,Virginia
University of Washington,"1410 NE Campus Parkway Seattle, WA 98195",1410 NE Campus Parkway,,Seattle,WA,98195,,47.65653,-122.31274,306,West,Washington
University of Washington-Bothell,"18115 Campus Way NE Bothell, WA 98011",18115 Campus Way NE,,Bothell,WA,98011,,47.75899,-122.19067,355,West,Washington
University of Washington School of Medicine,"1959 NE Pacific St Seattle, WA 98195",1959 NE Pacific St,,Seattle,WA,98195,,47.650214,-122.30728,663,West,Washington
University of Washington-Tacoma,"1900 Commerce St Tacoma, WA 98402",1900 Commerce St,,Tacoma,WA,98402,,47.24407,-122.4375,665,West,Washington
University of West Florida,"11000 University Pkwy Pensacola, FL 32514",11000 University Pkwy,,Pensacola,FL,32514,,30.54276,-87.21808,675,South,Florida
"University of Wisconsin, La Crosse","1725 State St La Crosse, WI 54601",1725 State St,,La Crosse,WI,54601,,43.81295,-91.23001,585,Midwest,Wisconsin
"University of Wisconsin, Madison","702 West Johnson Street Madison, WI 53715",702 West Johnson Street,,Madison,WI,53715,,43.07262,-89.39806,307,Midwest,Wisconsin
"University of Wisconsin, Milwaukee","2442 E Kenwood Blvd. Milwaukee, WI 53211",2442 E Kenwood Blvd.,,Milwaukee,WI,53211,,43.07483,-87.87989,308,Midwest,Wisconsin
"University of Wisconsin, Oshkosh","800 Algoma Blvd Oshkosh, WI 54901",800 Algoma Blvd,,Oshkosh,WI,54901,,44.02636,-88.55148,497,Midwest,Wisconsin
"University of Wisconsin, Parkside ","900 Wood Rd Kenosha, WI 53144",900 Wood Rd,,Kenosha,WI,53144,,42.6501,-87.85267,586,Midwest,Wisconsin
"University of Wisconsin, Platteville","1 University Plaza Platteville, WI 53818",1 University Plaza,,Platteville,WI,53818,,42.73392,-90.49303,587,Midwest,Wisconsin
"University of Wisconsin, Stevens Point","2100 Main St Stevens Point, WI 54481",2100 Main St,,Stevens Point,WI,54481,,44.52432,-89.56888,543,Midwest,Wisconsin
"University of Wisconsin, Whitewater","800 W Main St Whitewater, WI 53190",800 W Main St,,Whitewater,WI,53190,,42.83621,-88.74324,780,Midwest,Wisconsin
University of Wyoming,"1000 E. University Avenue Laramie, WY 82071",1000 E. University Avenue,,Laramie,WY,82071,,41.31229,-105.58277,309,West,Wyoming
Upper Iowa University,"605 Washington St Fayette, IA 52142",605 Washington St,,Fayette,IA,52142,,42.83868,-91.80061,588,Midwest,Iowa
Ursinus College,"601 E Main St Collegeville, PA 19426",601 E Main St,,Collegeville,PA,19426,,40.19394,-75.45551,343,Northeast,Pennsylvania
Utah State University ,"650 N 800 E Logan, UT 84322",650 N 800 E,,Logan,UT,84322,,41.7441,-111.81403,589,West,Utah
Utah Valley University,"800 W University Pkwy Orem, UT 84058",800 W University Pkwy,,Orem,UT,84058,,40.27497,-111.71227,533,West,Utah
Valdosta State University,"1500 N Patterson St Valdosta, GA 31698",1500 N Patterson St,,Valdosta,GA,31698,,30.83106,-83.27871,310,South,Georgia
Vanderbilt University,"2201 West End Ave Nashville, TN 37235",2201 West End Ave,,Nashville,TN,37235,,36.149204,-86.803423,311,South,Tennessee
Vassar College,"124 Raymond Ave Poughkeepsie, NY 12604",124 Raymond Ave,,Poughkeepsie,NY,12604,,41.68655,-73.89771,312,Northeast,New York
Vermont College of Fine Arts,"36 College St Montpelier, VT 05602",36 College St,,Montpelier,VT,05602,,44.25518,-72.56748,751,Northeast,Vermont
Vermont Law School,"164 Chelsea St. South Royalton, VT 5068",164 Chelsea St.,,South Royalton,VT,5068,,43.82166,-72.5214,394,Northeast,Vermont
Vermont State University,"124 Admin Dr Randolph Center, VT 05061",124 Admin Dr,,Randolph Center,VT,05061,,43.9396,-72.60442,773,Northeast,Vermont
Villanova University,"800 Lancaster Ave Villanova, PA 19085",800 Lancaster Ave,,Villanova,PA,19085,,40.03494,-75.34058,590,Northeast,Pennsylvania
Virginia Commonwealth University,"2020 Santa Monica Blvd Santa Monica, CA 90404",2020 Santa Monica Blvd,,Santa Monica,CA,90404,,34.02868,-118.47913,357,West,California
Virginia Polytechnic Institute,"925 Prices Fork Road Blacksburg, VA 24061",925 Prices Fork Road,,Blacksburg,VA,24061,,37.231445,-80.43326,313,South,Virginia
Virginia Western Community College,"3094 Colonial Ave SW Roanoke, 24015",3094 Colonial Ave,SW,Roanoke,,24015,,37.246832,-79.971339,536,South,Virginia
Wagner College,"1 Campus Rd Staten Island, NY 10301",1 Campus Rd,,Staten Island,NY,10301,,40.61247,-74.09194,666,Northeast,New York
Wake Forest University,"1834 Wake Forest Rd Winston-Salem, NC 27109",1834 Wake Forest Rd,,Winston-Salem,NC,27109,,36.137001,-80.273894,358,South,North Carolina
Warren Wilson College,"701 Warren Wilson Rd Swannanoa, NC 28778",701 Warren Wilson Rd,,Swannanoa,NC,28778,,35.593749,-82.436114,314,South,North Carolina
Washington State University,"305 NE Spokane St. Pullman, WA 99163",305 NE Spokane St.,,Pullman,WA,99163,,46.73061,-117.16856,315,West,Washington
Washington University St. Louis,"1 Brookings Dr St. Louis, MO 63130",1 Brookings Dr,,St. Louis,MO,63130,,38.647596,-90.303694,316,Midwest,Missouri
Wayne State University,"42 W Warren Ave Detroit, MI 48202",42 W Warren Ave,,Detroit,MI,48202,,42.35702,-83.06469,317,Midwest,Michigan
Weber State University,"3850 Dixon Parkway Ogden, UT 84408",3850 Dixon Parkway,,Ogden,UT,84408,,41.192981,-111.947745,318,West,Utah
Webster University,"470 East Lockwood Ave. St. Louis, MO 63119",470 East Lockwood Ave.,,St. Louis,MO,63119,,38.59089,-90.34549,319,Midwest,Missouri
Wellesley College,"106 Central St Wellesley, MA 2481",106 Central St,,Wellesley,MA,2481,,42.29579,-71.29902,320,Northeast,Massachusetts
Wesleyan University,"45 Wyllys Ave Middletown, CT 6459",45 Wyllys Ave,,Middletown,CT,6459,,41.557169,-72.656406,321,Northeast,Connecticut
West Chester University,"700 S High St West Chester, PA 19383",700 S High St,,West Chester,PA,19383,,39.948275,-75.593948,359,Northeast,Pennsylvania
Western Carolina University,"1 University Way Cullowhee, NC 28723",1 University Way,,Cullowhee,NC,28723,,35.30793,-83.18607,667,South,North Carolina
Western Michigan University,"1903 Western Michigan Avenue Kalamazoo, MI 49008",1903 Western Michigan Avenue,,Kalamazoo,MI,49008,,42.27687,-85.64462,360,Midwest,Michigan
Western New England University,"1215 Wilbraham Rd Springfield, MA 01119",1215 Wilbraham Rd,,Springfield,MA,01119,,42.11642,-72.521,540,Northeast,Massachusetts
Western New Mexico State University,"1000 W College Ave Silver City, NH 88062",1000 W College Ave,,Silver City,NH,88062,,32.77531,-108.28298,322,Northeast,New Hampshire
Western Washington University,"516 Hight Street Bellingham, WA 98225",516 Hight Street,,Bellingham,WA,98225,,48.737692,-122.486634,323,West,Washington
Westfield State University,"577 Western Ave Westfield, MA 1086",577 Western Ave,,Westfield,MA,1086,,42.13125,-72.79441,324,Northeast,Massachusetts
West Virginia University,"One Waterfront Place Morgantown, WV 26506",One Waterfront Place,,Morgantown,WV,26506,,39.624285,-79.963433,396,South,West Virginia
Wheaton College,"501 College Ave Wheaton, IL 60187",501 College Ave,,Wheaton,IL,60187,,41.8674,-88.09927,504,Midwest,Illinois
Whitman College,"345 Boyer Ave Walla Walla, WA 99362",345 Boyer Ave,,Walla Walla,WA,99362,,46.07088,-118.32958,325,West,Washington
Whittier College,"13406 E Philadelphia St Whittier, CA 90602",13406 E Philadelphia St,,Whittier,CA,90602,,33.97759,-118.03073,361,West,California
Wichita State University,"1845 Fairmount St 67260, KS 67260",1845 Fairmount St,,67260,KS,67260,,37.71609,-97.29683,767,Midwest,Kansas
Willamette University,"900 State St. Salem, OR 97301",900 State St.,,Salem,OR,97301,,44.93666,-123.03014,326,West,Oregon
William Paterson University,"Atrium 300 Pompton Rd Wayne, NJ 7470",Atrium,300 Pompton Rd,Wayne,NJ,7470,,40.94222,-74.20043,327,Northeast,New Jersey
Williams College,"880 Main St. Williamstown, MA 1267",880 Main St.,,Williamstown,MA,1267,,42.71229,-73.20305,328,Northeast,Massachusetts
Winona State University,"175 W. Mark St. Winona, MN 55987",175 W. Mark St.,,Winona,MN,55987,,44.04546,-91.6447,571,Midwest,Minnesota
Worcester State University,"486 Chandler St Worcester, MA 1602",486 Chandler St,,Worcester,MA,1602,,42.26762,-71.84377,329,Northeast,Massachusetts
Wright Institute,"2728 Durant Ave Berkeley, CA 94704",2728 Durant Ave,,Berkeley,CA,94704,,37.86825,-122.25309,668,West,California
Wright State University,"3640 Colonel Glenn Hwy Dayton, OH 45435",3640 Colonel Glenn Hwy,,Dayton,OH,45435,,39.77138,-84.09399,330,Midwest,Ohio
Xavier University,"3800 Victory Parkway Cincinnati, OH 45207",3800 Victory Parkway,,Cincinnati,OH,45207,,39.14833,-84.47683,331,Midwest,Ohio
Yale University,"38 Hillhouse Avenue New Haven, CT 6511",38 Hillhouse Avenue,,New Haven,CT,6511,,41.31459,-72.92376,332,Northeast,Connecticut
Yeshiva University,"500 W 185th St New York, NY 10033",500 W 185th St,,New York,NY,10033,,40.85066,-73.92987,486,Northeast,New York
Youngstown State University,"1 University Plaza Youngstown, OH 44555",1 University Plaza,,Youngstown,OH,44555,,41.10658,-80.64763,479,Midwest,Ohio
