,Unnamed: 0,post,targetMinority,targetCategory,targetStereotype,whoTarget,intentYN,sexYN,offensiveYN,dataSource,hasBiasedImplication,Unnamed: 0.1
11338,11351,I left *engineering* to go into running a *non-profit*. Huge pay decrease. You're absurd. @jmdoman,[],[],[],0.0,0.11,0.0,0.3333333333333333,t/waseem,1,
5477,5488,"CONDOM Q. What did the penis say to the condom?

A. ""Cover me. I'm going in.""",[],[],[],,0.0,0.6666666666666666,0.0,r/darkjokes,1,
11754,11768,"I need to start eating more healthy, but first I need to eat all the junk food in the house so it's not there to tempt me anymore &#128514;&#127855;&#127859;&#127839;&#127837;",[],[],[],,0.0,0.0,0.0,t/founta,1,
11663,11677,"I managed to get through Madame Bovary in French, but had to read Kafka in English;(",[],[],[],0.0,0.22,0.0,0.3333333333333333,Gab,1,
224,224,"""""""bro i'm actually about to get so lit in this article"""" - @kileab1 one bottle of wine down vs uni work.""",[],[],[],0.0,0.0,0.0,0.1666666666666666,t/founta,1,
22856,22885,There are two types of people in this world Male and Female,[],[],[],,0.0,0.0,0.0,r/darkjokes,1,
17612,17634,"NFL Free Agency: Vikings sign former Rams QB Case Keenum to one-year, $2M deal plus incentives - Adam Caplan; 2,201 yards, 9 TDs in 2016 (E…",[],[],[],,0.0,0.0,0.0,t/founta,1,
10872,10885,I hated having my mom at my track meets and basketball games. She was so loud and threatening my gawd.,[],[],[],0.0,0.3333333333333333,0.0,0.3333333333333333,t/founta,1,
73,73,"""""""Baby girl that pussy wetter than chicken noodle soup"""" @KodakBlack1k""",[],[],[],0.0,0.4433333333333333,1.0,0.3333333333333333,t/founta,1,
6653,6664,Don't tell me to hit you up and then hit me with a boring ass convo &#128530;,[],[],[],,0.11,0.0,0.0,t/founta,1,
24712,24743,"Well, to be more accurate, I'll be dropping by tomorrow during lunch. Hit me up if you want to say hi. :D",[],[],[],,0.0,0.0,0.0,t/waseem,1,
32762,32823,most of yall comparing alex to a school shooter bc he was acting out vs yall calling him your cinnamon roll bc he shot himself,[],[],[],0.0,0.3866666666666667,0.0,0.3333333333333333,t/founta,1,
14491,14505,"Im in so much pain
And no one to help me",[],[],[],,0.0,0.0,0.0,r/Incels,1,
29771,29814,"Yeah, I saw that news segment about the mixed race couple who lost their home because of the mudslide .",[],[],[],,0.22,0.0,0.0,Stormfront,1,
17194,17214,My friend recently died from opiate overdose Accepting her death was a hard pill to swallow,[],[],[],,0.11,0.0,0.0,r/darkjokes,1,
3481,3487,A list of feminist resources 'tackling mens issues' [sic],[],[],[],0.0,0.11,0.0,0.1666666666666666,r/MensRights,1,
30532,30575,[Newcels get in here] When Normies say young love is overrated....,[],[],[],0.0,0.11,0.0,0.1666666666666666,r/Incels,1,
32531,32592,just a little something to take my ass to sleep hopefully i get for buyin it used only bought 1 yr ago,[],[],[],,0.0,0.0,0.0,t/founta,1,
15786,15800,"Karl Jaspers on amor fati (love of fate):

...an injunction to face each experience and everything one's existence that is uncertain, ambiguous, and dangerous with the feeling that one will never do anything other than follow one's own path. ",[],[],[],,0.11,0.0,0.0,Gab,1,
29788,29831,"Yeah, well, medical school and being a doctor can be really hard for women.  It's hard to manage that and have a family.",[],[],[],0.0,0.11,0.0,0.1666666666666666,redditMicroagressions,1,
20169,20194,"Rewards go to those who get things done, not to those with the best excuses.",[],[],[],,0.11,0.0,0.0,Gab,1,
32964,33026,"nobody fucking call text message or anything to me, I AM DONE",[],[],[],0.0,0.3333333333333333,0.0,0.3333333333333333,t/founta,1,
27674,27712,What’s the similarity between Stephen Paddock and a drone? They be up there taking shots.,[],[],[],0.0,0.33,0.0,0.1666666666666666,r/darkjokes,1,
31418,31471,health always comes first im so proud of everything you've accomplished with this i love you my honey #수고했어요쫑디 &#128140;,[],[],[],,0.0,0.0,0.0,t/founta,1,
12087,12101,I still listen to rap too rarly... but when i do and if I get it... each time...😥,[],[],[],,0.0,0.0,0.0,Gab,1,
33527,33590,the balloons flicking about the place were integral to #totp. Would have been staid without them. #AgainstModernPopShows,[],[],[],,0.11,0.0,0.0,t/founta,1,
4874,4883,"Bad bitches from Oakland, she could beeee a model",[],[],[],0.0,0.22,0.0,0.3333333333333333,t/davidson,1,
23570,23599,This weather had better hold up for a while longer so we can get some practice @BloomSpeedway tomorrow!,[],[],[],,0.0,0.0,0.0,t/founta,1,
18786,18811,Paybacks a bitch.,[],[],[],,0.4433333333333333,0.0,0.0,t/davidson,1,
13206,13220,I'm mad they killed Ramsay aka sexy ass Trevante Rhodes off the show for Kelly ugly ass storyline &#128580; #ILYIW,[],[],[],0.0,0.3333333333333333,0.0,0.1666666666666666,t/founta,1,
26189,26223,What is the most common name said in prison? Ben Dover,[],[],[],0.0,0.4433333333333333,0.6666666666666666,0.3333333333333333,r/darkjokes,1,
1472,1473,"""the sbux lady saw a pic i took of their wall on my phone and goes """"seriously how did they do that"""" and i said """"ya i know it was me""""&#128514;""",[],[],[],,0.0,0.0,0.0,t/founta,1,
32637,32698,literally those lyrics are the worst to associate with someone super creepy uughhhh i love all men are pigs tho,[],[],[],0.0,0.4433333333333333,0.0,0.3333333333333333,t/founta,1,
827,31544,how did hitler teach math ? he told his army to subtract <number> million .,"[""jewish folks""]","[""culture""]","[""anti-holocaust joke"", ""hitler and the nazis killing millions of people."", ""jewish people dying in the holocaust."", ""makes a joke about the amount of jews he killed"", ""mentions hitler""]",1.0,1.0,0.0,1.0,r/meanjokes,0,31598.0
532,26292,What sauce doesn't Hitler like on his steak? Au Jus,"[""jewish folks""]","[""culture""]","[""jewish folks were rounded up by nazis in concentration camps"", ""jewish folks were slaughtered in the holocaust"", ""jewish people are less than human"", ""jewish people deserve to die""]",1.0,0.8300000000000001,0.0,1.0,r/offensivejokes,0,26326.0
465,25247,"What do you call a Jewish Pokémon trainer Ash

What's his favourite Pokémon?

He doesn't care. He just wants the prize money","[""jewish folks""]","[""culture""]","[""are greedy"", ""jews are money greedy"", ""jews are rich"", ""like money"", ""only care about money"", ""should have pokemon trainers named ash""]",1.0,0.7733333333333334,0.0,0.8333333333333334,r/darkjokes,0,25281.0
122,8952,How come Jews have big noses ? Because the air is free.,"[""jewish folks""]","[""culture""]","[""have big noses"", ""jews are cheap"", ""jews are greedy"", ""jews have big noses"", ""jews won't pay for anything"", ""they like free things""]",1.0,1.0,0.0,1.0,r/darkjokes,0,8963.0
840,31639,how do you spot a jewish paedophile in thailand ? he 's the one who brings his own kids .,"[""jewish folks""]","[""culture""]","[""jewish people are bad parents? (i'm guessing here)"", ""jewish people are cheap"", ""jewish people are cheap."", ""jewish people will being their own things""]",1.0,1.0,1.0,1.0,r/meanjokes,0,31696.0
436,24955,"What did the Jewish father say when his son asked if he can borrow fifty dollars? ""Forty dollars? What do you need thirty dollars for?""","[""jewish folks""]","[""culture""]","[""always jewing someone out of money"", ""being tight with money"", ""jewish people are cheap"", ""jewish people don't give out money"", ""jewish people don't like to help family"", ""jewish people hoard money""]",0.6666666666666666,0.7766666666666667,0.0,1.0,r/darkjokes,0,24986.0
393,23392,This is definitely the most informal thread I have read about the jewish problem one thing I dont understand is the fact that most jews seem pretty white and the bible says king David had red hair is there a difference in the dna of most jews and europeans or is it mainly a just their condensening holier than thou attitude .,"[""jewish folks""]","[""culture""]","[""jewish people are a problem"", ""jewish people don't belong""]",1.0,1.0,0.0,1.0,Stormfront,0,23421.0
680,28053,Where do Jews with ADHD get sent to Concentration camp,"[""jewish folks""]","[""culture""]","[""are victims"", ""holocaust"", ""jews belong in camps"", ""trivializing the holocaust""]",1.0,1.0,0.0,1.0,r/darkjokes,0,28093.0
816,31323,global warming is a myth . <repeat> just like the holocaust and women 's rights,"[""jewish folks"", ""women""]","[""culture"", ""gender"", ""race""]","[""demands rights"", ""lies"", ""made up the holocaust"", ""makes things up"", ""that jews did not really go through the holocaust and that they are crybabies"", ""that jews made up the holocaust"", ""that women do not really have rights and belong back in the kitchen"", ""that women should not have rights and that they dont, women just claim that they do.""]",1.0,1.0,0.0,1.0,r/meanjokes,0,31374.0
310,17909,No it is not accepted and it is pushed in our face by the joo run media time and time again but most people who dissaprove of mixed raced relationships just ignore the people involved .,"[""jewish folks""]","[""culture""]","[""jews control news and information and use it for propaganda"", ""jews control the media"", ""jews run the media""]",1.0,1.0,0.0,1.0,Stormfront,0,17931.0
356,21417,"Start branding everything coming out of Hollywood, TV, media, and education as “Jewish degeneracy”

We need to seperate Whites from all of it and peg Jews for the satanic scum they are

Let everyone point to Jews every time gay sex, incest, & trannies are inserted into TV shows and movies","[""jewish folks""]","[""culture""]","[""are evil"", ""are pushing different agendas that are unsavory to the poster"", ""jews are scum"", ""jews control the world""]",1.0,1.0,0.0,1.0,Gab,0,21445.0
233,13531,I've heard the name before but I too have no idea who she is .. one of the benefits of turning off the Talmudivision and watching very few modern movies,"[""jewish folks""]","[""culture""]","[""jewish people are a bad influence"", ""jewish people control the media""]",1.0,1.0,0.0,1.0,Stormfront,0,13545.0
281,15859,"Knock Knock Knock Knock Knock Knock Knock Knock Knock Knock 
Who's there?
The jews","[""jewish folks""]","[""culture""]","[""jokes about the holocaust""]",1.0,1.0,0.0,1.0,r/darkjokes,0,15873.0
915,34139,what 's the difference between the holocaust and a cow ? you ca n't milk a cow for <number>  years,"[""jewish"", ""jewish folks""]","[""culture"", ""race""]","[""can't let go of the past"", ""disrespects jewish culture"", ""dwells on the holocaust"", ""holocaust jewish victims"", ""holocaust victims made fun of"", ""makes big deal out of past"", ""makes light of holocaust"", ""mocking a tragedy""]",1.0,0.915,0.0,1.0,r/meanjokes,0,34210.0
133,9085,How do you find a good Hitler joke? Try a Jew and see what works,"[""holocaust victims"", ""jewish folks""]","[""culture"", ""victim""]","[""jewish people are hypersensitve"", ""jewish people are obsessed with the holocaust"", ""trivializes harm to victims""]",1.0,0.8866666666666667,0.0,1.0,r/darkjokes,0,9097.0
85,7350,"For All who is Wondering Why All this Protest for Americas Flag....JEW
IsraHELL ACUALLY HATES US !","[""jewish folks""]","[""culture""]","[""jewish people are evil"", ""jewish people hate america""]",1.0,1.0,0.0,1.0,Gab,0,7361.0
329,19983,"Really, how many times do the Jews have to tell you they hate you before you believe them? ","[""jewish folks""]","[""culture""]","[""jewish folks hate christians"", ""jewish folks subvert western culture"", ""jewish people are evil."", ""jewish people hate whites."", ""jews are evil"", ""jews hate white people""]",1.0,1.0,0.0,1.0,Gab,0,20008.0
35,4115,"AltRight: “We’re going to do what’s best for Whites.”
Jews: “White supremacy!”
AltRight: “But isn’t that what jews do?”
Jews: “Yes, but when you do it it’s bad for us and therefore anti-Semitic.”","[""jewish folks""]","[""culture""]","[""are greedy"", ""is inferior to other groups"", ""jews always call anyone opposed to them anti-semites"", ""jews hate white people""]",1.0,1.0,0.0,1.0,Gab,0,4122.0
308,17724,Never buy one of those terrible cheap cars made in Nazi Germany they all don't have bloody ashtrays! What's wrong with them?!,"[""jewish folks""]","[""culture""]","[""are lesser humans"", ""holocaust reference""]",1.0,1.0,0.0,1.0,r/darkjokes,0,17746.0
885,33279,see my holofakes series for many reasons the holocaust was FAKED put holofakes into the gab searchbar,"[""jewish folks""]","[""culture""]","[""jews are liars"", ""jews faked the holocaust""]",1.0,1.0,0.0,1.0,Gab,0,33341.0
990,35261,"you know the Holocaust is 100% real cause if you say it's not then they throw you in jail

things they make it illegal to question are always like super-duper extra true

","[""jewish folks""]","[""culture""]","[""holocaust denial"", ""jews run the media (and can shut down people for questioning the holocaust)""]",1.0,0.66,0.0,0.5,Gab,0,35337.0
12,3299,A Jew with a boner walk into a wall. What hits the wall first? His Nose,"[""jewish folks""]","[""culture""]","[""have large noses"", ""jewish folks have a small penis"", ""jewish folks have large noses"", ""jews are stupid"", ""jews have big noses""]",1.0,1.0,0.6666666666666666,1.0,r/darkjokes,0,3304.0
541,26384,What was the Jewish pirate's nickname? Hooknose.,"[""jewish folks""]","[""culture""]","[""jewish folks have hooknoses"", ""jewish folks have ugly noses"", ""jewish people have hooked noses."", ""jewish people look weird.""]",1.0,0.495,0.0,1.0,r/meanjokes,0,26418.0
803,30618,a jew with a boner charges at a brick wall . he breaks his nose .,"[""jewish folks""]","[""culture""]","[""group has big nose"", ""group has small penis""]",1.0,0.66,0.0,1.0,r/meanjokes,0,30662.0
895,33897,"w <number> fatal error of w <number> - hitler : "" i said i wanted a glass <allcaps> of juice , <allcaps> not gas <allcaps> the <allcaps> jews "" ! <allcaps>","[""jewish folks""]","[""culture""]","[""are passive"", ""are victims of holocaust""]",1.0,0.66,0.0,1.0,r/meanjokes,0,33960.0
72,6415,"Diversity Visa 
Chuck Shummer
JEW
Diversity Visa
Chuck Shummer
JEW
Diversity Visa
Chuck Shummer
JEW
JEW
JEW
JEW
JEW
TRAITOR FUCKING JEW !
","[""jewish folks""]","[""culture""]","[""are greedy"", ""are holocaust victims"", ""jews are evil"", ""jews are traitors""]",1.0,1.0,0.0,1.0,Gab,0,6426.0
181,9915,I asked this Jewish girl for her number... She rolled up her sleeve.,"[""jewish folks""]","[""culture""]","[""are going to be executed"", ""are holocaust victims"", ""have numbers tattooed on arm"", ""jewish people have numbers tattooed on their arms"", ""jewish people have prisoner numbers"", ""were all in the holocaust""]",1.0,0.8866666666666667,0.0,1.0,r/darkjokes,0,9928.0
360,21603,"Synonymous words:

Feminist
Asshole
Black
Moron
Loudmouth
Jerk
Muslim
Goat
Screwer
Illegal
Hispanic
Taco
Jew
Penny 
Pincher","[""All minorities and women"", ""black folks, latino/latina folks"", ""jewish folks"", ""women""]","[""culture"", ""gender"", ""race""]","[""are dumb"", ""are enemies"", ""are tightwads"", ""calls them all derogatory terms"", ""white supremacist attitude""]",1.0,1.0,0.0,1.0,Gab,0,21631.0
819,31449,"hey and if you ever experience a lawsuit from the negro hispanic jews claiming you are racist , simply make an example of the hundreds of negro mexican schools that deny white children .","[""black folks, latino/latina folks"", ""jewish folks""]","[""culture"", ""race""]","[""all minorities are the same"", ""black people and mexican people will claim you are racist just because you can"", ""jewish people don't like white people"", ""jewish people love suing white people"", ""latino and black folks accuse innocent people of being racist"", ""latino and black folks do not like white people"", ""latino folks are black"", ""there are black and mexican schools that deny white children""]",1.0,1.0,0.0,1.0,Stormfront,0,31502.0
225,12779,"I wish you luck , is it any wonder Jew males lust for our White women ?","[""jewish folks""]","[""culture""]","[""jewish men are unhinged"", ""jewish men love white women"", ""jews don't like their own women"", ""jews love white women""]",1.0,1.0,0.0,1.0,Stormfront,0,12793.0
245,14317,If you make a joke about the Holocaust you're worse than Hitler Hitler never joked about the Holocaust,"[""jewish folks""]","[""culture""]","[""are lesser humans"", ""holocaust reference""]",1.0,1.0,0.0,1.0,r/darkjokes,0,14331.0
462,25231,What do you call a 500ft tall Israeli man? A kaijew.,"[""jewish folks""]","[""culture""]","[""jews are inhuman"", ""jews are lesser""]",1.0,1.0,0.0,1.0,r/darkjokes,0,25264.0
59,5765,Chuck Norris walked into a gas chamber. The gas chamber coughed and fell dead.,"[""jewish folks""]","[""culture""]","[""are lesser humans"", ""holocaust reference""]",1.0,1.0,0.0,1.0,r/darkjokes,0,5776.0
